ID,CM16483,JM188,CM3713,JM205,CM6541,JM2205,J17402,JM91,M10967,M29961,MRG4,JM213
"X LM1 Nasal, anterior, midline",7.547142029,-13.88058014,-6.861943054,4.934876251,-15.85207062,18.66677856,18.89549561,6.868038177,-12.54141159,-4.47564621,19.33510132,4.690323639
"Y LM1 Nasal, anterior, midline",-6.679601288,-9.863905334,-4.141535568,-1.038540936,-7.756529999,-5.188136292,-5.962668228,-1.503159904,-19.39954681,-17.49533844,-6.616347504,-0.53456912
"Z LM1 Nasal, anterior, midline",-11.31338654,-9.265505219,-23.69479828,-28.90627136,-10.93507004,-22.94113922,-20.81082001,-28.86541138,4.20309639,2.550330734,-21.11516113,-30.57550049
"X LM2 Nasal-frontal suture, midline",-0.601453352,-3.392036438,0.706629181,5.873854065,-6.51427536,8.351982117,9.506301117,7.094928741,-10.9358551,-2.960528755,7.746051025,6.087482834
"Y LM2 Nasal-frontal suture, midline",-8.791849518,-9.539352417,-9.978335571,-8.434687042,-9.780924988,-8.64542923,-8.732978821,-8.517225647,-14.91969452,-13.31572571,-8.905425262,-7.96656189
"Z LM2 Nasal-frontal suture, midline",-12.99392242,-8.140631866,-19.27840881,-22.32651672,-11.84597473,-22.22412262,-21.00244751,-22.69849243,-4.559139252,-7.007624817,-22.24689178,-23.77682343
"X LM3 frontal-parietal suture, midline",-8.943083191,6.017668152,7.629727173,6.874061584,1.999697113,0.790368176,-0.179983008,7.288546753,-10.47216568,-1.386663151,1.155952835,7.657598877
"Y LM3 frontal-parietal suture, midline",-10.2222847,-9.861631012,-14.84747925,-15.38366089,-11.59135284,-11.17052078,-11.15909653,-15.38299713,-10.87742538,-9.528713989,-10.4439827,-14.87264099
"Z LM3 frontal-parietal suture, midline",-14.17872772,-7.646208954,-14.90390472,-15.91298828,-12.5506691,-21.60868378,-20.87688904,-15.20034943,-11.25126648,-14.4372345,-22.82207184,-16.37066956
"X LM4 External occipital protuberance, nuchal crest, midline",-14.80351563,12.08976364,13.01866302,7.463648987,8.357498932,-5.070099258,-6.669809723,7.363023376,-9.92818222,-0.461809683,-6.093117905,8.61971283
"Y LM4 External occipital protuberance, nuchal crest, midline",-10.02242584,-10.50166855,-16.23055878,-17.89073639,-11.24085312,-11.69084015,-11.30406799,-17.98852234,-6.773963928,-5.138658142,-10.36264954,-17.77410583
"Z LM4 External occipital protuberance, nuchal crest, midline",-14.00455933,-9.391012573,-10.20647202,-10.4998909,-12.08731232,-20.12355042,-19.8320816,-8.96831131,-14.96941833,-19.08923035,-22.04352875,-9.914754486
"X LM5 Dorsal lip of foramen magnum, midline",-16.72057037,13.29300385,14.15970001,7.675352478,10.68318024,-7.0808815,-8.248595428,7.307763672,-9.725161743,-0.090392786,-8.146907806,9.317481995
"Y LM5 Dorsal lip of foramen magnum, midline",-8.115468597,-11.42540054,-13.83863068,-16.61471405,-8.884320068,-9.768756866,-9.13859024,-16.33512421,-4.069722748,-1.955492973,-7.549427032,-16.35594025
"Z LM5 Dorsal lip of foramen magnum, midline",-12.87600861,-12.22422714,-7.360176849,-7.30852356,-10.43462906,-18.42645264,-18.23253021,-6.082800674,-14.85061035,-19.29171753,-20.29696808,-6.29332695
"X LM6 Ventral lip of foramen magnum, midline",-14.39260406,9.843496704,11.85020676,7.359883881,7.64875946,-4.69618721,-5.770460129,7.288134766,-9.845780945,-0.281340408,-5.777732086,8.749732971
"Y LM6 Ventral lip of foramen magnum, midline",-4.36831398,-12.53961258,-9.749120331,-11.3639473,-5.459817123,-5.52835083,-5.388019562,-11.41016159,-2.357540894,0.356508851,-4.118371964,-11.11121063
"Z LM6 Ventral lip of foramen magnum, midline",-10.59492264,-15.77124786,-7.245918274,-7.072273254,-8.098294067,-16.29753265,-15.98747253,-6.152283096,-10.28541031,-14.63856659,-18.30100555,-6.746164703
X LM7 Midline point on the concave transition between the occipital condyle and the basioccipital,-13.79049683,9.397038269,11.542556,7.299945831,7.01761322,-4.340910339,-4.924265671,7.286766815,-9.903708649,-0.342453027,-5.224662781,8.660520172
Y LM7 Midline point on the concave transition between the occipital condyle and the basioccipital,-4.486790466,-12.43378448,-9.742487335,-11.28097687,-5.616963196,-5.589021301,-5.473044968,-11.29733505,-2.733055496,0.04100557,-4.164413834,-11.02199783
Z LM7 Midline point on the concave transition between the occipital condyle and the basioccipital,-10.66835251,-15.49231415,-7.583782959,-7.632203674,-8.27906189,-16.414711,-16.26695404,-6.620999908,-9.97076416,-14.31810913,-18.34677429,-7.234495544
"X LM8 Palatine, posterior, midline",-4.24927063,-1.501670456,3.045635223,6.214525604,-2.821084023,6.377427673,5.856903458,7.162199402,-11.05374374,-2.277638626,6.055951691,6.75394516
"Y LM8 Palatine, posterior, midline",-4.840162277,-11.51237183,-6.374579239,-5.539473343,-5.689356613,-4.135031128,-4.837908173,-5.603944397,-9.557382202,-7.207822418,-4.008246613,-4.987356567
"Z LM8 Palatine, posterior, midline",-10.59494705,-13.51184845,-14.43240509,-16.776828,-8.83970871,-18.82296448,-17.71908569,-16.79935455,-3.070344925,-5.854824829,-18.89640808,-17.9544693
X LM9 Medial point of the most posterior side of the incisive foramina,5.05911026,-10.551651,-4.596831131,5.183807373,-13.37711792,15.21855927,14.54082794,6.914787292,-12.24468918,-3.868084335,16.38704224,5.319416046
Y LM9 Medial point of the most posterior side of the incisive foramina,-5.413409424,-10.61379089,-3.701052856,-0.850053406,-6.196208191,-3.736735916,-4.937950516,-1.734117699,-16.60884399,-14.30050354,-4.875290298,-1.057983494
Z LM9 Medial point of the most posterior side of the incisive foramina,-10.73730087,-11.42210236,-20.9628952,-25.80726929,-9.722226715,-21.20209351,-19.34257355,-24.78699188,3.574074173,1.628930473,-20.01741486,-26.20050964
X LM10 Midline point on the premaxilla at the inferior tip of the bony septum between the upper central incisors,8.810652161,-16.35759735,-8.407737732,4.794648361,-17.3881897,20.70978241,20.61112823,6.886073303,-12.68228912,-4.755348587,21.19872131,4.421133041
Y LM10 Midline point on the premaxilla at the inferior tip of the bony septum between the upper central incisors,-4.451580048,-10.49195328,-0.910578632,2.370440102,-5.608314896,-2.477425003,-3.888550568,2.392684364,-18.61236877,-16.45679779,-4.418008423,2.95308342
Z LM10 Midline point on the premaxilla at the inferior tip of the bony septum between the upper central incisors,-10.14554672,-11.55126648,-23.59168396,-29.04786682,-9.437389374,-21.73940277,-19.53489685,-29.38027344,7.174706268,6.124624634,-19.72281494,-30.95915527
"X LM11 R Nasal-premaxillary suture, anterior (on nasal)",8.475602722,-14.93321381,-8.588791656,3.702767181,-16.31187134,18.41427002,19.65745087,5.50325737,-11.59523087,-3.481206131,19.87767181,3.605796814
"Y LM11 R Nasal-premaxillary suture, anterior (on nasal)",-5.77350769,-8.72640686,-3.631522751,-0.154247046,-8.084662628,-4.190936661,-4.899386215,-0.007662375,-19.76261902,-17.79806519,-5.859281921,-0.196843839
"Z LM11 R Nasal-premaxillary suture, anterior (on nasal)",-12.02394028,-10.09606247,-23.45794525,-29.46702881,-9.786920929,-23.82135925,-21.27422028,-29.7398407,5.194627762,3.195010948,-21.7760498,-30.92684021
"X LM12 L Nasal-premaxillary suture, anterior (on nasal)",8.469980621,-15.06177216,-7.004439545,6.194049454,-16.29924316,19.27386322,19.8973526,8.248628235,-13.6486969,-5.678601074,20.15857239,5.925657654
"Y LM12 L Nasal-premaxillary suture, anterior (on nasal)",-6.724252319,-11.26173935,-2.950047112,0.204229498,-6.845182037,-5.501242828,-6.090837097,-0.107533491,-19.57558899,-17.48007202,-6.75789566,0.166794419
"Z LM12 L Nasal-premaxillary suture, anterior (on nasal)",-9.994480133,-9.220153046,-24.81793976,-29.70494995,-11.62684708,-21.76368408,-19.51266785,-29.81278076,4.919421005,3.085901642,-20.10292206,-31.21195679
X LM13 R Maximum concavity on anterior of premaxillary,8.58140564,-15.43390045,-8.78354187,3.64962616,-16.88770294,19.7353302,20.0178833,5.504118729,-11.54737625,-3.62355423,20.53882904,3.08615036
Y LM13 R Maximum concavity on anterior of premaxillary,-4.78259964,-9.114488983,-2.037740898,1.301277351,-6.68602829,-2.412005424,-3.855911255,1.567355537,-18.89056396,-16.8165802,-4.199706268,1.943372917
Z LM13 R Maximum concavity on anterior of premaxillary,-11.46061478,-11.64348221,-22.47873077,-28.8811676,-8.637345123,-23.01991272,-20.80627594,-29.3518219,6.663332367,5.34135704,-21.07872772,-30.56052551
X LM14 L Maximum concavity on anterior of premaxillary,8.570425415,-15.86866455,-7.212226868,5.996281815,-16.80598602,20.38703461,20.28643036,8.033635712,-13.78693848,-5.80557785,20.70123138,5.903705215
Y LM14 L Maximum concavity on anterior of premaxillary,-5.743849182,-11.52633514,-1.147653294,1.659814644,-5.138801956,-3.847911072,-4.95994873,1.641177368,-18.73583679,-16.5093689,-5.361282349,2.342407608
Z LM14 L Maximum concavity on anterior of premaxillary,-9.457944489,-10.87554169,-24.207547,-29.11845398,-10.69163895,-20.85939026,-18.92425995,-29.41223145,6.468139648,5.055814362,-19.04945679,-30.88251038
"X LM15 R Premaxillary-maxillary suture, anterior, lateral end",6.825409698,-13.83612061,-7.867221069,3.175435066,-15.18374176,17.86828918,18.14314117,4.84034729,-10.59314346,-2.285141182,18.50351105,2.641280174
"Y LM15 R Premaxillary-maxillary suture, anterior, lateral end",-4.368120956,-8.58258667,-3.282841873,0.555988884,-7.144775391,-2.07764473,-3.229114914,0.973369217,-17.54370117,-15.51406555,-3.696097565,1.141023254
"Z LM15 R Premaxillary-maxillary suture, anterior, lateral end",-12.22587128,-12.03746109,-20.87852936,-26.94584656,-7.980834198,-23.19827118,-21.1600235,-27.76179199,5.129373932,3.771026993,-21.54909363,-28.64847107
"X LM16 L Premaxillary-maxillary suture, anterior, lateral end",6.607402039,-14.10993652,-4.983561325,6.983499908,-14.85844879,18.65256653,18.61314697,8.908478546,-14.20046997,-6.304967499,19.05471344,6.887926483
"Y LM16 L Premaxillary-maxillary suture, anterior, lateral end",-6.060415649,-12.47156448,-1.62337532,0.582067299,-4.877051926,-4.322641754,-5.471455383,0.959839344,-17.39417725,-15.21509399,-5.65675354,1.489621735
"Z LM16 L Premaxillary-maxillary suture, anterior, lateral end",-8.862256622,-10.90744858,-23.47102814,-27.47572937,-11.31182709,-19.82030945,-17.86166992,-27.83074951,5.144023895,3.563049316,-18.17596741,-29.36346436
"X LM17 R Premaxillary-maxillary suture, posterior end in dorsal view",3.701985168,-8.703276825,-4.029554367,3.818793106,-11.47288818,13.71691284,13.36268921,5.273476791,-10.3698204,-2.245705986,14.07163696,4.322016144
"Y LM17 R Premaxillary-maxillary suture, posterior end in dorsal view",-7.0796875,-8.085012817,-7.755577087,-4.236790848,-9.38405304,-6.048340225,-6.617653656,-4.637187195,-17.17673798,-15.67630463,-6.646022034,-4.376373672
"Z LM17 R Premaxillary-maxillary suture, posterior end in dorsal view",-13.37802124,-9.131616974,-20.44178467,-26.00091553,-10.17604599,-23.533638,-22.18605042,-25.99190674,-0.025647956,-2.069985199,-22.8182663,-27.06782227
"X LM18 L Premaxillary-maxillary suture, posterior end in dorsal view",3.507207108,-9.200567627,-1.846564484,6.912285614,-11.05850601,13.9962738,13.69021759,8.383566284,-12.80627441,-5.194293594,14.64185486,6.822550964
"Y LM18 L Premaxillary-maxillary suture, posterior end in dorsal view",-8.452243805,-10.97302017,-6.844234467,-4.503637695,-8.240342712,-7.421425629,-8.400154877,-4.331202316,-17.1477356,-15.27312317,-8.308480072,-4.346273804
"Z LM18 L Premaxillary-maxillary suture, posterior end in dorsal view",-11.19281082,-8.139879608,-22.20119629,-25.92070313,-12.26675262,-21.35466156,-19.5026825,-26.54666748,-0.319223905,-2.451412773,-20.06490631,-27.19055481
X LM19 R Frontal-maxillary-nasal intersection,0.459405279,-4.94829483,-1.777584076,3.514975739,-7.995735931,9.27480011,10.99682617,4.377298737,-9.319110107,-1.113498116,9.315094757,4.038441467
Y LM19 R Frontal-maxillary-nasal intersection,-7.55655899,-7.503282166,-10.43507843,-7.070199585,-10.47985306,-6.957371521,-6.305382156,-6.897626495,-15.80424347,-14.39064789,-6.707298279,-7.160030365
Z LM19 R Frontal-maxillary-nasal intersection,-14.42577667,-8.974793243,-17.82051086,-23.24436798,-10.22110901,-24.21600952,-23.01712952,-23.5709137,-2.89885006,-4.746757126,-24.30650635,-24.260495
X LM20 L Frontal-maxillary-nasal intersection,0.569617987,-5.129418945,1.751789093,8.260259247,-7.873218536,10.85228043,11.69064407,9.526234436,-13.50536957,-5.668982315,9.693384552,8.210404205
Y LM20 L Frontal-maxillary-nasal intersection,-9.457771301,-11.67851563,-8.313779449,-6.893945313,-8.519374084,-9.202201843,-9.284140778,-6.551728058,-15.45743256,-13.63140106,-10.04723816,-7.002655029
Z LM20 L Frontal-maxillary-nasal intersection,-11.04845734,-7.57181015,-21.31088104,-23.53854523,-13.12672272,-19.94202423,-18.60935669,-24.02589722,-3.255812454,-5.459976959,-19.2729248,-24.66398926
X LM21 R Frontal-maxillary-lacrimal intersection,-1.126888943,-3.742700958,-1.619241333,2.113256454,-6.24871254,8.080692291,8.521408081,3.594342804,-8.266454315,0.371460581,8.361708832,2.282648659
Y LM21 R Frontal-maxillary-lacrimal intersection,-6.725648499,-6.189906693,-11.21805573,-7.977960968,-11.4188385,-6.572393036,-6.499136353,-8.655318451,-15.28565216,-13.61921539,-6.43055954,-8.318063354
Z LM21 R Frontal-maxillary-lacrimal intersection,-15.66416016,-9.887129211,-16.25404816,-21.70473175,-8.797610474,-24.74213104,-23.62529755,-21.95971527,-3.407215118,-5.704901886,-24.72317657,-22.23217468
X LM22 L Frontal-maxillary-lacrimal intersection,-0.85181818,-3.706244278,3.390615082,9.721895599,-5.914952087,9.91190033,9.776519012,11.174543,-14.64925385,-6.36993103,9.009925079,10.24111938
Y LM22 L Frontal-maxillary-lacrimal intersection,-10.07603989,-13.50737915,-8.271539307,-7.511502838,-7.658133698,-9.741506958,-10.32024689,-7.998348999,-14.72958679,-12.7945961,-10.31053848,-7.707104492
Z LM22 L Frontal-maxillary-lacrimal intersection,-9.892235565,-7.427918243,-21.18308716,-22.48381958,-14.38904419,-19.26434326,-17.72511902,-22.04616394,-3.867576599,-6.570522308,-18.6360672,-23.37169495
"X LM23 R Frontolacrimal suture, on postorbital process, dorsal",-2.365602112,-2.105390358,-0.6426126,2.446554756,-4.97142067,7.226898956,7.167682648,3.293938446,-8.177288055,1.09044323,7.48494873,2.478229332
"Y LM23 R Frontolacrimal suture, on postorbital process, dorsal",-7.017855072,-6.376281357,-11.83228226,-9.032585907,-11.6309166,-6.3572052,-6.753640747,-9.435738373,-14.50324402,-12.80256958,-6.097323227,-9.155118561
"Z LM23 R Frontolacrimal suture, on postorbital process, dorsal",-15.73621674,-9.795449066,-15.6019928,-20.74967346,-8.702256012,-24.760466,-23.6722229,-20.73446808,-4.332830048,-6.927910614,-24.87349854,-21.30190887
"X LM24 L Frontolacrimal suture, on postorbital process, dorsal",-2.242269897,-2.348588943,4.506380463,9.729079437,-4.239492416,8.838321686,7.918744659,10.93361969,-14.57259216,-6.475942993,8.088881683,10.34683914
"Y LM24 L Frontolacrimal suture, on postorbital process, dorsal",-10.34394913,-13.45506287,-8.747756195,-8.670074463,-7.79746933,-9.987057495,-10.68395157,-9.400201416,-13.96847382,-12.03641739,-10.41640167,-8.66332016
"Z LM24 L Frontolacrimal suture, on postorbital process, dorsal",-9.987187958,-7.542837524,-20.59716034,-21.38753052,-14.42662354,-18.92257843,-17.66321259,-20.80708313,-4.839060974,-7.882352448,-18.47636261,-22.35172882
X LM25 R Most posterio-distal point in upper canine neck,5.14602623,-11.91996918,-6.589178467,2.883335686,-13.2874649,15.99598846,16.14010925,4.375737381,-10.13615723,-1.532915401,16.53745422,2.578795815
Y LM25 R Most posterio-distal point in upper canine neck,-3.985454559,-8.260653687,-4.146760941,-0.557003689,-7.22913208,-1.970760536,-3.068930435,-0.108053696,-16.643367,-14.14746399,-3.122249794,0.123765743
Z LM25 R Most posterio-distal point in upper canine neck,-12.55277557,-12.35842972,-19.43181763,-25.35287933,-7.546399689,-23.19510956,-21.23076935,-25.85395813,4.289094162,2.304404449,-21.5345047,-26.68276062
X LM26 L Most posterio-distal point in upper canine neck,5.040155792,-12.17293777,-3.330145264,7.695496368,-13.0751709,17.23887482,16.87688599,9.537199402,-14.46663513,-6.394069672,17.05388031,7.679484558
Y LM26 L Most posterio-distal point in upper canine neck,-6.314263153,-13.03481293,-2.105023384,-0.465996408,-4.568946075,-4.43006897,-5.67224884,-0.221580482,-16.20761719,-13.70458221,-5.387216187,0.584474325
Z LM26 L Most posterio-distal point in upper canine neck,-8.669342804,-10.9661087,-22.49833832,-25.78493042,-11.54400787,-19.05353394,-17.27480164,-25.76572876,3.820474243,1.91703701,-17.65576324,-27.57320862
X LM27 R Most antero-distal point in upper first molar neck,2.466057205,-8.651261902,-4.676991653,2.326319695,-10.21368332,12.4004982,12.86025848,3.453969574,-8.741719055,-0.133531666,13.60775604,2.070791054
Y LM27 R Most antero-distal point in upper first molar neck,-3.184588242,-7.724991608,-5.206383133,-1.907072449,-7.398912811,-1.447116566,-2.470046997,-1.564731884,-14.42431488,-11.98768311,-2.080571556,-1.345937634
Z LM27 R Most antero-distal point in upper first molar neck,-13.11417694,-13.65696716,-16.59986877,-22.68502655,-6.414546967,-23.0761795,-21.38461914,-22.65491333,2.445778275,0.373121333,-21.58667908,-23.51790619
X LM28 L Most antero-distal point in upper first molar neck,2.417808342,-8.985391235,-0.115304124,8.911295319,-10.06662064,14.21740875,13.77332764,10.51273041,-14.97579956,-6.761677551,13.89054413,8.867706299
Y LM28 L Most antero-distal point in upper first molar neck,-6.180138397,-14.247052,-2.534185982,-1.598032188,-3.783023071,-4.978126144,-6.16951828,-1.442585945,-13.94765472,-11.29502487,-5.462639236,-0.574334717
Z LM28 L Most antero-distal point in upper first molar neck,-7.938204193,-11.5069313,-20.88080444,-23.20148315,-11.86766434,-17.3240799,-15.88018188,-22.89553986,2.017317009,-0.382978916,-16.45233765,-24.62389526
X LM29 R Most ventral point of infraorbital foramen,1.691168976,-7.129653931,-4.109755325,2.210544777,-9.073829651,11.08866653,11.07304764,3.237142944,-8.268518066,0.387198734,12.53513184,1.869457436
Y LM29 R Most ventral point of infraorbital foramen,-3.437683105,-7.248548889,-6.075473022,-2.894305229,-7.946694183,-2.156240654,-2.766295624,-2.797589302,-14.14516449,-11.87026443,-2.408347511,-2.450227165
Z LM29 R Most ventral point of infraorbital foramen,-13.48478088,-13.25603485,-15.79953461,-22.10577087,-6.473227692,-23.30809021,-21.63049622,-22.16814575,1.600341034,-0.675089216,-22.28322601,-22.67694092
X LM30 R Most dorsal point of infraorbital foramen,0.893715096,-6.201406097,-3.862776566,1.445743847,-8.392471313,10.30872498,10.28160782,2.499661636,-7.845922089,0.922443199,11.45081863,1.264858723
Y LM30 R Most dorsal point of infraorbital foramen,-4.192010498,-6.443843842,-7.679189301,-4.481729889,-9.491576385,-3.028384781,-3.333131409,-4.381848145,-14.59939728,-12.70772476,-3.204848862,-3.9852211
Z LM30 R Most dorsal point of infraorbital foramen,-14.75245361,-12.51483612,-15.21644897,-21.72290497,-6.764043427,-24.37906799,-22.77412872,-22.16972198,0.163139558,-2.04850235,-23.56226501,-22.45910797
X LM31 L Most ventral point of infraorbital foramen,1.297342014,-7.530580139,1.188940239,9.233738708,-8.843305206,13.04376984,12.24019089,10.82203598,-15.29746552,-7.059583282,13.0499588,9.589469147
Y LM31 L Most ventral point of infraorbital foramen,-6.890788269,-14.50204926,-2.993791199,-2.462030029,-4.087947845,-5.77515564,-7.017330933,-2.529060173,-13.36501465,-10.91201248,-6.291001892,-1.882396317
Z LM31 L Most ventral point of infraorbital foramen,-7.960405731,-10.98537827,-20.67210541,-22.60746155,-12.36229858,-17.21966858,-15.56029358,-22.28922882,0.915611267,-1.477085876,-16.36443787,-23.76860352
X LM32 L Most dorsal point of infraorbital foramen,0.641564131,-6.364861298,2.36836834,10.03153763,-7.951911163,12.4273674,11.66681366,11.35269699,-15.58227997,-7.453496552,11.83094025,10.57703781
Y LM32 L Most dorsal point of infraorbital foramen,-8.195376587,-14.81715393,-4.124668884,-3.920375824,-4.824901581,-7.013517761,-8.350863647,-3.90172081,-13.7020462,-11.61254196,-7.896214294,-3.176267815
Z LM32 L Most dorsal point of infraorbital foramen,-8.023446655,-9.760449219,-21.31241302,-22.52545471,-13.59942627,-17.41217346,-15.93411713,-22.37506866,-0.369807076,-2.962338066,-16.49245911,-23.69639435
X LM33 R Most anterior point in antero-ventral lacrimal foramen,-0.04813073,-4.736407089,-3.490969849,0.834354401,-7.407479095,9.066088104,9.101695251,1.757089424,-7.156808472,2.074701691,10.23414078,0.723671532
Y LM33 R Most anterior point in antero-ventral lacrimal foramen,-4.242199326,-5.610258102,-9.158166504,-5.663700485,-10.08072662,-3.189814758,-3.670771027,-5.730795288,-14.46164398,-12.27079391,-3.319536209,-5.341598511
Z LM33 R Most anterior point in antero-ventral lacrimal foramen,-15.65050812,-12.28621368,-14.59463043,-21.05296326,-6.333686447,-24.88328857,-23.58298492,-21.42735901,-0.819886494,-3.475906754,-24.61470337,-21.8799408
X LM34 R Most posterior point in antero-ventral lacrimal foramen,-0.630600977,-3.81962204,-2.834946442,0.880126286,-6.624849701,8.28711853,8.311432648,1.784835243,-6.972436523,2.142596626,9.276945496,0.837878323
Y LM34 R Most posterior point in antero-ventral lacrimal foramen,-4.361339188,-5.683074951,-9.521759796,-6.144746399,-10.26151581,-3.49560585,-3.917481995,-6.323511887,-14.08722534,-11.94441986,-3.431801224,-6.02862854
Z LM34 R Most posterior point in antero-ventral lacrimal foramen,-15.57486267,-12.32888565,-14.25357666,-20.47467041,-6.383299255,-24.77198334,-23.55082703,-20.69343872,-1.534417057,-4.176822281,-24.62783813,-21.03401184
X LM35 L Most anterior point in antero-ventral lacrimal foramen,-0.285786819,-5.133953094,3.691801834,10.9200737,-6.869739532,11.42609024,10.54240723,12.50237732,-16.09231567,-8.037126923,10.5850502,11.48562622
Y LM35 L Most anterior point in antero-ventral lacrimal foramen,-9.135494232,-15.4549057,-4.930435181,-4.975133896,-4.904456329,-8.237813568,-9.342557526,-5.689122772,-13.6475235,-11.0593277,-9.037802887,-4.640219498
Z LM35 L Most anterior point in antero-ventral lacrimal foramen,-7.756748962,-9.111278534,-21.44361877,-21.95059052,-14.29949799,-16.94698639,-15.52730408,-21.46354065,-1.468671513,-4.503662109,-16.18908386,-23.3264267
X LM36 L Most posterior point in antero-ventral lacrimal foramen,-0.669004011,-4.469667816,4.374834824,11.00114136,-6.167815399,10.54513092,9.699885559,12.4492691,-16.02642822,-7.98168335,9.647053528,11.61971893
Y LM36 L Most posterior point in antero-ventral lacrimal foramen,-9.184173584,-15.44592285,-5.366518402,-5.497816849,-4.907463837,-8.380360413,-9.443159485,-6.166329575,-13.11764984,-10.62542801,-9.106504059,-5.328892517
Z LM36 L Most posterior point in antero-ventral lacrimal foramen,-7.915731812,-9.173336792,-20.9619339,-21.42310181,-14.38810883,-16.77111664,-15.46945038,-20.83061676,-2.189414215,-5.289403152,-16.1841095,-22.49840698
X LM37 R Most posterior point in fourth molar neck,-3.51581459,-2.174513054,-0.185066974,2.447713089,-3.809149933,6.056144714,6.355580902,3.254289627,-7.570417786,1.471684742,7.364718628,2.581785583
Y LM37 R Most posterior point in fourth molar neck,-2.510911179,-7.821598816,-7.086885071,-5.100793839,-7.438579559,-1.878648376,-2.193589211,-4.570178223,-10.03769989,-7.955431366,-1.499887371,-4.316179276
Z LM37 R Most posterior point in fourth molar neck,-13.38581085,-15.11845856,-12.16818619,-16.95707092,-5.546508408,-21.83477936,-20.52494812,-17.17859955,-1.730721283,-4.318470764,-21.5043869,-17.64599609
X LM38 L Most posterior point in fourth molar neck,-3.610990906,-2.446855545,5.230846786,9.924508667,-3.504563904,8.03295517,7.480531311,11.05585632,-14.65393829,-6.211083984,7.716033936,10.68578873
Y LM38 L Most posterior point in fourth molar neck,-6.055395126,-15.4674118,-4.157602692,-4.652706528,-3.311773682,-5.721929169,-6.418930817,-4.453565598,-9.279698944,-6.960713959,-5.530748749,-3.740368652
Z LM38 L Most posterior point in fourth molar neck,-7.230083466,-12.67641144,-17.26385193,-17.51515808,-11.94524765,-15.61342621,-14.41459503,-17.28817139,-2.228981972,-5.173743057,-15.53280182,-18.75395508
X LM39 R Most posterior point in the jugal-maxillary suture (zygomatic arch),-2.807830238,-2.406007767,-1.066455936,1.436118221,-4.240259552,6.303449249,6.426386261,2.25205555,-6.392763519,2.679836273,7.510074615,1.671741867
Y LM39 R Most posterior point in the jugal-maxillary suture (zygomatic arch),-2.197001457,-6.65327301,-8.063464355,-5.344451523,-8.433499146,-1.584008408,-2.337293053,-5.023638535,-10.74383163,-8.727451324,-1.377824306,-4.775816727
Z LM39 R Most posterior point in the jugal-maxillary suture (zygomatic arch),-14.35249634,-15.04306488,-11.98938599,-17.5244278,-4.905922699,-23.11721649,-21.93828888,-17.82473907,-1.493494129,-4.344539642,-22.82029877,-18.25517883
X LM40 L Most posterior point in the jugal-maxillary suture (zygomatic arch),-2.995304108,-2.594821167,5.717019272,11.02854614,-3.882519913,8.605480957,7.70306015,12.03294678,-15.86363678,-7.424043274,8.015860748,11.58140564
Y LM40 L Most posterior point in the jugal-maxillary suture (zygomatic arch),-6.912063599,-16.2759552,-4.027440643,-4.835021591,-3.095426941,-6.652574921,-7.540337372,-4.870635605,-9.772554779,-7.736074829,-6.525196838,-4.098965836
Z LM40 L Most posterior point in the jugal-maxillary suture (zygomatic arch),-6.606772614,-12.07157364,-18.48976898,-18.32000275,-12.98453522,-15.15480804,-14.06530151,-18.07404022,-2.066773796,-5.511355209,-14.91319122,-19.61202698
X LM41 R Most lateral point in the jugular-maxillary suture,-2.136917877,-3.741995239,-2.351836777,0.789939642,-5.465802383,7.442888641,7.608351135,1.478394413,-6.209915543,2.872447968,8.244586182,0.714852047
Y LM41 R Most lateral point in the jugular-maxillary suture,-1.760641098,-6.176633072,-7.004685211,-4.463595581,-8.303599548,-0.854698467,-1.524350166,-4.069305038,-10.94276886,-9.224505615,-0.681122065,-3.802319717
Z LM41 R Most lateral point in the jugular-maxillary suture,-14.8032959,-15.00939789,-12.33338547,-18.02275391,-4.504852295,-23.4588501,-22.22639618,-18.39723511,-0.816466522,-3.150873756,-23.5475647,-18.55915833
X LM42 L Most lateral point in the jugular-maxillary suture,-2.373021507,-3.881315231,5.042071533,11.40567322,-4.730174637,9.834370422,9.004181671,12.75966568,-16.39873352,-8.233760834,8.740677643,12.08792953
Y LM42 L Most lateral point in the jugular-maxillary suture,-7.216184998,-16.68211365,-3.151801872,-3.806737137,-2.590549088,-6.522021484,-7.547689056,-4.001359558,-9.867897034,-7.91284256,-6.880052948,-2.793465233
Z LM42 L Most lateral point in the jugular-maxillary suture,-6.036660004,-11.78261108,-19.29050293,-19.17477112,-13.36075745,-14.74353943,-13.38558197,-18.62183075,-1.453482342,-4.427986908,-14.0573822,-20.06689606
"X LM43 R Maximum concavity in the posterio-ventral side of zygomatic arch, in alisphenoid",-8.857536316,4.486462784,3.452555084,1.223602676,2.30120945,-0.733092737,-0.995686531,1.479323387,-5.095074081,4.292616653,-0.00287835,2.014698219
"Y LM43 R Maximum concavity in the posterio-ventral side of zygomatic arch, in alisphenoid",-2.695457268,-6.411600494,-11.69019547,-9.859436798,-9.876113892,-2.780273247,-2.979111099,-10.03962631,-7.335125732,-4.963306046,-1.889892578,-10.04655991
"Z LM43 R Maximum concavity in the posterio-ventral side of zygomatic arch, in alisphenoid",-15.98199921,-15.03360901,-7.885041809,-12.25489731,-4.42132988,-23.21762085,-22.49187775,-11.5239769,-6.862966919,-10.44853592,-23.89443817,-11.76647034
"X LM44 L Maximum concavity in the posterio-ventral side of zygomatic arch, in alisphenoid",-9.165651703,4.250028229,11.54255753,12.444841,2.846426392,2.144210434,1.034852982,13.0437149,-15.7104248,-6.897871399,0.734512758,13.90207672
"Y LM44 L Maximum concavity in the posterio-ventral side of zygomatic arch, in alisphenoid",-8.660072327,-17.16664429,-6.644567871,-9.279598236,-3.383561707,-8.787510681,-9.385186005,-9.829164124,-6.140342712,-3.528416061,-8.148194885,-9.318091583
"Z LM44 L Maximum concavity in the posterio-ventral side of zygomatic arch, in alisphenoid",-6.490921021,-11.5435318,-15.40510559,-13.12733459,-13.95995636,-13.57532806,-13.00884857,-11.76288223,-7.538897705,-11.65467224,-14.53621063,-13.35443573
"X LM45 R Postglenoid process, ventral",-10.31321411,6.131268692,3.956480026,0.358686948,3.833607483,-2.436235428,-2.347244835,0.506211185,-4.14251442,5.387406921,-1.767863274,1.188773918
"Y LM45 R Postglenoid process, ventral",-1.683820915,-6.105372238,-11.47187805,-10.17099533,-9.520323181,-2.158220863,-2.067124748,-10.20808487,-5.987360382,-3.249568939,-0.867639446,-9.776393127
"Z LM45 R Postglenoid process, ventral",-16.075354,-16.33946075,-5.853891373,-10.25677795,-3.545103836,-22.88991699,-22.28973694,-9.918759155,-7.478459167,-11.21055984,-23.84835358,-9.661431122
"X LM46 L Postglenoid process, ventral",-10.79331512,5.879836655,13.35738983,13.4556778,4.400693893,0.796493244,-0.446929836,13.89875946,-16.30707855,-7.243185425,-0.981334686,14.87524567
"Y LM46 L Postglenoid process, ventral",-8.352001953,-18.18513947,-6.572661591,-9.676859283,-2.291588783,-8.739804077,-9.26782074,-9.95005188,-4.63514328,-1.770482635,-7.818651581,-9.150048065
"Z LM46 L Postglenoid process, ventral",-5.75547905,-12.13803024,-15.18374329,-11.34326019,-13.95227661,-12.22129288,-11.55783844,-9.926200104,-8.236785889,-12.12795715,-13.19942169,-11.61751328
"X LM47 R Suprameatal foramen, anterior",-11.66236877,7.715571594,5.794737244,1.155833149,5.024147034,-3.583877182,-4.300127029,1.054717255,-4.852766037,5.082593536,-3.863954163,1.988458061
"Y LM47 R Suprameatal foramen, anterior",-2.853450012,-6.02407608,-13.21233978,-11.98438873,-10.18123703,-3.49327774,-3.468590546,-11.85405273,-5.364296341,-3.151992989,-2.04509182,-11.75794678
"Z LM47 R Suprameatal foramen, anterior",-16.50590668,-15.51930084,-5.281324768,-9.4931427,-3.980059433,-23.03579102,-22.41254272,-9.418883514,-9.505664063,-13.26800842,-23.7983078,-9.019557953
"X LM48 R Suprameatal foramen, posterior",-13.1612793,9.650054169,7.436127472,1.69874897,6.7509758,-4.866745377,-5.409630585,1.618180466,-4.682072449,4.820153427,-4.910171509,2.710540962
"Y LM48 R Suprameatal foramen, posterior",-3.390335846,-6.266542435,-14.09989319,-13.18715057,-10.38537445,-4.210840225,-4.051758957,-13.04760132,-5.183610153,-2.846855545,-2.733516312,-12.84315491
"Z LM48 R Suprameatal foramen, posterior",-16.08918457,-15.20715179,-5.160814667,-8.408739471,-4.835270691,-22.57080536,-22.19741058,-8.286700439,-10.69644928,-14.5365921,-24.11780701,-8.040713501
"X LM49 L Suprameatal foramen, anterior",-11.98673782,7.28006897,14.52544098,13.1777832,5.704537964,-0.72204318,-2.225442505,13.33047485,-15.91981201,-6.673562622,-3.057768631,14.47485046
"Y LM49 L Suprameatal foramen, anterior",-9.001194763,-17.75011749,-7.974409485,-11.41992493,-3.378875732,-9.828357697,-10.19623566,-11.95199432,-4.445996094,-1.775925064,-8.556334686,-11.1366806
"Z LM49 L Suprameatal foramen, anterior",-6.499465942,-11.60899124,-13.65415955,-10.25734558,-14.29593506,-12.88894043,-12.48241501,-9.33263855,-9.991786957,-14.4853775,-14.13317261,-10.77915497
"X LM50 L Suprameatal foramen, posterior",-13.38886108,9.171987915,15.49816589,13.05309601,7.300354004,-2.007672882,-3.712487411,13.00995483,-15.33967743,-6.05326004,-4.535680389,14.44186096
"Y LM50 L Suprameatal foramen, posterior",-8.817209625,-17.53249359,-9.393325806,-12.63103943,-3.883468246,-9.915663147,-10.29631653,-12.87889099,-3.823551178,-1.385289955,-8.937772369,-12.00728836
"Z LM50 L Suprameatal foramen, posterior",-7.081658173,-11.89891129,-12.7020195,-9.420179749,-14.16293945,-13.05623322,-12.77671967,-8.123397827,-11.30449066,-15.6714035,-14.39719086,-9.613321686
"X LM51 R Posttympanic process, maximum distal convexity",-13.12568207,9.223733521,6.688130951,1.61124115,6.481718445,-5.129654312,-5.513314056,1.373086739,-4.197869873,5.309787369,-4.66740303,2.257007408
"Y LM51 R Posttympanic process, maximum distal convexity",-2.313939285,-6.547577667,-12.97582397,-12.45098648,-9.815402222,-3.220544434,-3.110243034,-12.34610214,-4.410791397,-1.89828949,-1.646183586,-11.96436462
"Z LM51 R Posttympanic process, maximum distal convexity",-15.91627045,-15.93730621,-4.425320053,-7.777598572,-3.8563694,-22.55801239,-22.19369202,-7.733418274,-9.785735321,-13.82927399,-23.9437973,-7.038845062
"X LM52 L Posttympanic process, maximum distal convexity",-13.56783447,8.69577179,15.20371857,12.90020294,6.962207794,-2.226079559,-3.603121567,13.0302063,-15.82210083,-6.523899841,-4.14460144,15.02600403
"Y LM52 L Posttympanic process, maximum distal convexity",-8.407497406,-18.09755096,-7.641857147,-12.79371338,-3.039622879,-9.716065216,-9.89989624,-12.39543457,-3.273877335,-0.510454321,-8.057202148,-11.21085892
"Z LM52 L Posttympanic process, maximum distal convexity",-6.554601288,-12.49668961,-12.86223602,-8.475619507,-14.01758881,-12.22352753,-12.09123688,-7.403995514,-10.38795624,-15.04002533,-13.61661987,-9.130636597
X LM53 R Supraoccipital-petrosal-squamosal intersection on nuchal crest,-15.38899231,11.9778656,10.07350845,3.811872482,9.062535858,-6.685022736,-7.540434265,3.064033508,-5.61297226,3.851448822,-6.882879639,4.215990067
Y LM53 R Supraoccipital-petrosal-squamosal intersection on nuchal crest,-5.628715515,-7.717694092,-15.27015991,-15.86538391,-10.8722908,-6.753070068,-6.395318604,-15.32093048,-4.927103424,-2.487579155,-5.292549515,-15.18981171
Z LM53 R Supraoccipital-petrosal-squamosal intersection on nuchal crest,-15.80810089,-13.15018311,-5.839688492,-7.781382751,-6.926161194,-21.76758118,-21.57376099,-7.065077972,-12.99061279,-17.30818634,-23.91241913,-7.139203644
X LM54 L Supraoccipital-petrosal-squamosal intersection on nuchal crest,-15.48091736,11.66126022,15.79048309,11.43995819,9.413154602,-4.756735992,-6.468266296,11.4696579,-13.85837097,-4.434590912,-6.869207764,13.17992249
Y LM54 L Supraoccipital-petrosal-squamosal intersection on nuchal crest,-9.609056091,-15.19392242,-12.17357941,-15.47561035,-6.316093445,-10.98428192,-11.05638962,-15.48843689,-4.090391159,-1.554619312,-9.75616684,-14.84221344
Z LM54 L Supraoccipital-petrosal-squamosal intersection on nuchal crest,-9.472187042,-10.87453156,-11.10991135,-8.405517578,-13.52577362,-14.86223297,-14.86681976,-7.244290161,-13.67674408,-18.23587799,-16.94186249,-8.205308533
X LM55 R Maximum concavity in distal of foramen magnum (most dorso-mesial point in occipital condyle),-16.37593231,12.56844025,12.01685104,4.697056198,9.898614502,-7.546144867,-8.316164398,4.490744019,-6.945767212,2.507188797,-7.911087799,6.293454742
Y LM55 R Maximum concavity in distal of foramen magnum (most dorso-mesial point in occipital condyle),-4.471454239,-9.429402924,-13.23441315,-14.87530365,-8.678627014,-6.226214981,-5.99164772,-14.7178299,-2.643743896,-0.758704472,-4.646483994,-14.58203583
Z LM55 R Maximum concavity in distal of foramen magnum (most dorso-mesial point in occipital condyle),-13.82983246,-14.89346008,-5.221069336,-6.339017105,-7.003136444,-19.68408356,-19.5284668,-5.590021515,-12.81066895,-17.64594421,-21.53254089,-5.594246674
X LM56 L Maximum concavity in distal of foramen magnum (most dorso-mesial point in occipital condyle),-16.5525238,12.42813339,15.40266571,10.46482315,10.18826904,-6.250549698,-7.441371918,10.06400299,-12.50658493,-2.843784714,-7.733631134,12.08808899
Y LM56 L Maximum concavity in distal of foramen magnum (most dorso-mesial point in occipital condyle),-7.206838989,-14.84544067,-11.57170258,-14.51039124,-5.438838577,-9.161009216,-9.032059479,-14.58041077,-2.232154083,0.158419526,-7.462507629,-14.06333008
Z LM56 L Maximum concavity in distal of foramen magnum (most dorso-mesial point in occipital condyle),-9.455967712,-13.3337265,-8.709236908,-6.500041199,-11.26845703,-14.8607666,-14.46249084,-5.413133621,-13.19364929,-18.20424347,-16.61023102,-6.38718605
X LM57 R Most dorsal point of the occipital condyle,-16.0540451,12.21630859,11.45470123,4.443728256,9.660706329,-7.263267517,-8.009645081,4.186300659,-6.654489899,2.778547478,-7.66443634,5.990499878
Y LM57 R Most dorsal point of the occipital condyle,-4.627445602,-8.90929184,-13.82905731,-14.92097626,-9.003552246,-6.203630066,-5.930662918,-14.85884399,-2.933186722,-1.280954266,-4.550960541,-14.73455963
Z LM57 R Most dorsal point of the occipital condyle,-14.33773651,-14.53670197,-5.396464539,-6.809129333,-6.881614685,-20.16418304,-20.10511322,-6.024184036,-12.77297363,-17.54923248,-22.05563812,-5.890639877
X LM58 L Most dorsal point of the occipital condyle,-16.27478943,12.15920639,15.42166748,10.62356796,9.914717102,-5.796891785,-6.984215546,10.75652542,-12.79802551,-3.390412521,-7.28227005,12.36120682
Y LM58 L Most dorsal point of the occipital condyle,-7.815193176,-15.06624756,-11.58458862,-14.60029449,-5.491402435,-9.582702637,-9.453540039,-14.71141052,-2.548796463,-0.401136923,-8.01827774,-14.07611237
Z LM58 L Most dorsal point of the occipital condyle,-9.256639099,-12.82476654,-9.407879639,-7.070236206,-11.78722916,-14.93862915,-14.39927979,-6.030828857,-13.10853577,-18.08275146,-16.58016205,-6.789274597
"X LM59 R Paracondylar process of the exoccipital, ventral",-14.67567749,10.01423569,9.699635315,3.533974075,7.974239349,-6.158993149,-7.044142151,3.310058212,-6.431141663,3.777772141,-6.35745163,4.941233826
"Y LM59 R Paracondylar process of the exoccipital, ventral",-2.508339882,-8.921257019,-11.25403366,-12.17074814,-7.217768097,-3.559963989,-3.422673035,-12.03221436,-2.48795681,-0.000348829,-1.782566261,-11.72582397
"Z LM59 R Paracondylar process of the exoccipital, ventral",-13.52237549,-17.09187775,-4.542247391,-6.290274048,-5.071759796,-19.39029541,-19.55829315,-5.720922852,-10.44099274,-14.87710724,-21.10059662,-5.409100723
"X LM60 L Paracondylar process of the exoccipital, ventral",-14.96394196,10.67590866,14.76009216,11.09348297,8.598722839,-4.346786118,-5.708562469,11.46734695,-13.00799255,-4.17061615,-6.025654221,12.94803009
"Y LM60 L Paracondylar process of the exoccipital, ventral",-6.308374786,-16.31218567,-8.270288849,-12.15304794,-3.254082489,-7.403846741,-7.359889984,-12.28684387,-1.854859161,1.042738628,-5.947481918,-11.13197403
"Z LM60 L Paracondylar process of the exoccipital, ventral",-7.717671967,-14.1863205,-9.097434998,-7.223590088,-10.96788101,-13.0840744,-12.78081665,-5.922887421,-10.71533051,-15.74085846,-14.85410156,-6.70619278
X LM61 R Most mesial point in hypoglossal foramen,-14.02054138,9.73097229,10.40906372,5.411968231,7.451225281,-4.841404724,-5.831942749,5.339846039,-7.910079956,1.846500969,-5.353652573,6.621810913
Y LM61 R Most mesial point in hypoglossal foramen,-3.614004517,-10.58680344,-10.75751495,-11.59044037,-6.584919739,-4.740267944,-4.376428604,-11.51792679,-3.061551666,-0.21123457,-3.387047577,-11.52204285
Z LM61 R Most mesial point in hypoglossal foramen,-12.28334351,-16.013591,-6.470072937,-7.290599823,-6.917809296,-18.0759201,-18.02591553,-6.631494904,-10.01903152,-14.54194183,-19.88313904,-6.781324768
X LM62 L Most mesial point in hypoglossal foramen,-14.12075958,9.746962738,12.85604706,9.288026428,7.507854462,-4.066753769,-5.221748352,9.114732361,-11.75095444,-2.373403358,-5.300817108,10.73315125
Y LM62 L Most mesial point in hypoglossal foramen,-5.659521484,-14.39978027,-9.175072479,-11.37664108,-4.734018707,-6.696945953,-6.677532959,-11.49183273,-2.671886444,0.432980776,-5.433184052,-11.23306427
Z LM62 L Most mesial point in hypoglossal foramen,-9.138489532,-14.82467651,-8.519045258,-7.609500122,-9.602590179,-15.0624588,-14.60881348,-6.803675079,-10.15910645,-14.93921051,-16.62451477,-7.325179291
X LM63 R Most anterior point in jugular foramen,-13.49748383,9.161664581,10.04811172,4.719768143,6.970263672,-4.477975464,-5.380183411,4.954085159,-7.68700943,1.849409103,-4.832447433,6.075022125
Y LM63 R Most anterior point in jugular foramen,-3.345569992,-10.3331604,-10.84905014,-11.35557632,-6.643716431,-4.312747955,-3.929761505,-11.10199051,-3.220571136,-0.408160639,-2.820186234,-10.81999741
Z LM63 R Most anterior point in jugular foramen,-12.32771072,-16.23907776,-6.500417328,-7.44802475,-6.609812927,-18.60193024,-18.35211792,-6.724291229,-9.485871887,-13.76099701,-20.08997498,-7.272044373
X LM64 L Most anterior point in jugular foramen,-13.75909576,8.965979004,12.84612885,9.793102264,6.859544373,-3.538476944,-4.506742096,9.632923126,-12.01064148,-2.763655663,-4.822382355,11.20648041
Y LM64 L Most anterior point in jugular foramen,-5.676943207,-14.4521637,-8.9820961,-11.06845703,-4.272574615,-6.752046967,-6.621125031,-11.13973694,-2.786664772,0.171249282,-5.421812439,-10.56333771
Z LM64 L Most anterior point in jugular foramen,-8.642131805,-14.80413666,-9.113900757,-7.901130676,-9.904427338,-14.64187469,-14.17503204,-6.895333862,-9.757968903,-14.35540924,-16.18466492,-7.951480103
X LM65 R Most anterior point of the basioccipital,-11.27018051,6.908082581,8.523949432,6.093820572,4.707690048,-1.640081787,-2.471381569,6.08236618,-9.097817993,0.158703697,-2.637314987,7.123562622
Y LM65 R Most anterior point of the basioccipital,-3.881340027,-11.2625946,-9.25396347,-9.730613708,-6.094821548,-4.460118484,-4.415317154,-9.833005524,-4.549312592,-1.915542412,-3.435743332,-9.561004639
Z LM65 R Most anterior point of the basioccipital,-11.36523132,-15.43177795,-8.836617279,-9.745603943,-7.451071167,-17.97059479,-17.48787994,-9.036455536,-7.929026794,-12.0245575,-19.2509613,-9.524103546
X LM66 L Most anterior point of the basioccipital,-11.32045517,6.828224182,9.925263214,7.952407837,4.703728867,-1.149281502,-2.11640625,8.142903137,-10.9921524,-1.792542076,-2.429106903,9.342282104
Y LM66 L Most anterior point of the basioccipital,-4.957557297,-13.13634186,-8.341853333,-9.538907623,-4.954235458,-5.436680222,-5.61377449,-9.687047577,-4.319145584,-1.633930016,-4.560238266,-9.478499603
Z LM66 L Most anterior point of the basioccipital,-9.640756989,-14.72795715,-10.17836304,-9.990465546,-9.179577637,-16.28070374,-15.69110718,-9.14043808,-7.966559601,-12.15929337,-17.37119293,-9.770675659
X LM67 R Most posterior point in foramen ovale,-9.394026184,4.711058426,6.684218597,5.16010437,3.012662315,-0.016970357,-0.690238571,5.666243362,-8.931229401,0.46491189,-0.02606042,6.320798111
Y LM67 R Most posterior point in foramen ovale,-3.848199844,-10.33636017,-9.136988068,-8.898432922,-6.672885895,-4.152070999,-4.248093796,-8.978187561,-5.81380043,-3.415695953,-3.136956596,-8.904888153
Z LM67 R Most posterior point in foramen ovale,-11.97060242,-15.108815,-9.41407547,-11.23018417,-7.107024384,-18.87519226,-18.28097687,-11.17411346,-6.78457489,-10.53594131,-20.01001129,-11.37703552
X LM68 L Most posterior point in foramen ovale,-9.451474762,4.781671143,8.978678894,8.53493042,3.146666336,0.804236412,-0.106469417,8.501707458,-11.79808044,-2.795308495,0.088914096,9.680994415
Y LM68 L Most posterior point in foramen ovale,-5.228870773,-13.78659363,-7.768476868,-8.799887085,-4.754435349,-5.735979843,-6.081585312,-8.83996048,-5.648928833,-3.147871208,-4.787501144,-8.609455872
Z LM68 L Most posterior point in foramen ovale,-9.407008362,-13.98088684,-11.58144379,-11.57799683,-9.915814209,-16.06811218,-15.48328094,-11.09966888,-6.831194305,-10.90270233,-17.51442719,-11.87825089
X LM69 R Most anterior point in foramen ovale,-8.740602875,4.020621872,6.139942551,5.098182678,2.346209908,0.743474674,0.404248857,5.794340515,-8.848736572,0.322563195,1.034010887,6.232975006
Y LM69 R Most anterior point in foramen ovale,-3.78793602,-10.39183426,-8.89105835,-8.506014252,-6.64883194,-4.108920288,-4.250714111,-8.713763428,-6.385161972,-4.013215637,-3.184172058,-8.649223328
Z LM69 R Most anterior point in foramen ovale,-11.96258621,-14.82463684,-10.11599197,-11.87679825,-7.369613647,-19.04836578,-18.34879608,-11.9364624,-6.171742249,-10.05922241,-19.90823975,-11.82702866
X LM70 L Most anterior point in foramen ovale,-8.918917084,4.147685242,8.223813629,8.426232147,2.337581253,1.504617977,0.857316589,8.41418457,-11.82852097,-2.769240189,1.079059696,9.465202332
Y LM70 L Most anterior point in foramen ovale,-5.373921204,-13.66413574,-7.569037628,-8.420793152,-5.044874954,-5.668587875,-5.967058563,-8.539428711,-6.186282349,-3.733942795,-4.849356079,-8.316917419
Z LM70 L Most anterior point in foramen ovale,-9.375644684,-13.84117584,-12.18024063,-12.28044128,-9.869716644,-16.35461426,-15.63344269,-11.70910568,-6.315690613,-10.33581619,-17.6401123,-12.51834488
X LM71 R Most posterior point of the pterygoid hamulus,-8.380458069,4.098289108,5.528207397,4.611205673,2.025013924,0.780306911,0.260258484,4.776049042,-8.266980743,1.165348434,0.578310537,5.196489334
Y LM71 R Most posterior point of the pterygoid hamulus,-3.477067184,-9.687218475,-9.191821289,-8.477082825,-7.022341156,-3.605696869,-3.690436172,-8.639154816,-6.515326691,-3.830314255,-2.642931557,-8.371898651
Z LM71 R Most posterior point of the pterygoid hamulus,-12.60854721,-15.15873718,-9.577274323,-11.94442062,-6.636472321,-19.85780945,-19.11697388,-12.15418396,-6.173838425,-9.96404953,-20.73439178,-12.17902451
X LM72 L Most posterior point of the pterygoid hamulus,-8.40868454,3.950946808,8.891277313,9.194702911,2.299637604,1.851446152,1.108929253,9.464479065,-12.52095413,-3.348985672,0.875262356,10.2759613
Y LM72 L Most posterior point of the pterygoid hamulus,-5.742238617,-14.32764282,-7.10617218,-8.263870239,-4.38561821,-6.042313766,-6.544767761,-8.438783264,-6.114278412,-3.535668182,-5.494000244,-8.127990723
Z LM72 L Most posterior point of the pterygoid hamulus,-8.767988586,-13.61765594,-12.68480377,-12.51340179,-10.59088211,-15.87027435,-14.9707489,-12.13448334,-6.320796204,-10.3586647,-16.44974365,-12.82596741
"X LM73 R Postpalatine torus, distal",-4.577203369,-0.82945652,1.855394173,4.159447098,-2.52359314,5.373925781,5.089309692,4.829277039,-8.950176239,0.01506637,5.925812912,4.437985611
"Y LM73 R Postpalatine torus, distal",-3.558463287,-9.598677063,-7.123625946,-5.709220123,-6.813661194,-2.683807373,-3.284588623,-5.625844955,-9.279522705,-6.945145416,-2.621817398,-5.105460358
"Z LM73 R Postpalatine torus, distal",-12.187883,-14.73538055,-12.5666214,-15.92171326,-6.954843903,-20.6786438,-19.58329468,-15.99188538,-3.022442627,-5.81585083,-20.59644165,-16.95358582
"X LM74 L Postpalatine torus, distal",-4.521537781,-0.989906693,5.092844009,8.661341095,-2.433625031,6.587016296,5.784484863,9.742723083,-12.88961792,-4.333205414,6.065036774,9.340274811
"Y LM74 L Postpalatine torus, distal",-5.627852631,-13.92977295,-5.383585739,-5.420544052,-4.3016922,-5.078074265,-5.835993576,-5.5540905,-8.890397644,-6.351199341,-5.00308075,-4.720528793
"Z LM74 L Postpalatine torus, distal",-8.81533432,-13.35937195,-15.48800201,-16.27431183,-10.60451355,-16.65185852,-15.55525513,-15.92901764,-3.303645706,-6.334820175,-16.84726257,-17.64768066
"X LM75 R Major palatine foramen, posterior",-2.520255661,-2.895079994,0.898424244,5.025907516,-4.25671196,7.459883881,6.984467316,5.846685028,-10.23989258,-1.13937397,7.209313965,4.938253403
"Y LM75 R Major palatine foramen, posterior",-4.660482788,-9.914121246,-6.930625916,-5.315235519,-6.959793854,-4.043387604,-4.517971802,-5.590929413,-11.08210678,-9.116890717,-3.658257675,-5.001155853
"Z LM75 R Major palatine foramen, posterior",-12.00908966,-13.12226257,-14.7053894,-18.21389008,-8.207497406,-20.16940002,-19.39137268,-17.89932709,-2.27435379,-4.67274971,-20.50541382,-19.19149475
"X LM76 L Major palatine foramen, posterior",-2.599696159,-2.969162178,3.032596588,8.198039246,-4.43285141,8.198633575,7.442432404,8.275734711,-12.32148743,-4.159028244,7.390329742,8.342834473
"Y LM76 L Major palatine foramen, posterior",-6.071230316,-12.60469131,-5.719261932,-5.006612778,-5.401029587,-5.244957733,-5.89864769,-5.352491379,-10.96597443,-8.797952271,-5.347975922,-4.668805695
"Z LM76 L Major palatine foramen, posterior",-9.530005646,-12.28182068,-16.80842743,-18.23566742,-10.61698761,-18.19471436,-17.28275452,-18.0755249,-2.396380043,-4.8947258,-18.09325562,-19.61733856
"X LM77 R Major palatine foramen, anterior",1.686003685,-8.717606354,-3.661578369,4.754545975,-9.805728149,13.34152222,13.50246887,5.365048599,-11.22240295,-2.245111656,13.41666718,4.095668411
"Y LM77 R Major palatine foramen, anterior",-4.897165298,-9.615553284,-4.906566238,-2.279836655,-7.138735962,-3.489876938,-4.342612457,-2.22706089,-14.89017792,-12.91994019,-4.161989975,-1.519555473
"Z LM77 R Major palatine foramen, anterior",-12.05501633,-11.85073547,-18.9633194,-23.56642456,-8.712547302,-21.61047211,-20.10353546,-23.54489746,1.42794981,-0.101420915,-20.8319458,-25.14098511
"X LM78 L Major palatine foramen, anterior",1.416129875,-8.820903778,-2.062136841,7.111581421,-9.544430542,13.93269653,13.75570374,8.094199371,-12.7240654,-4.837750244,13.75591278,6.924407196
"Y LM78 L Major palatine foramen, anterior",-6.127547455,-11.69373398,-3.960292053,-1.838380623,-5.620303345,-4.547657013,-5.64213829,-2.146391487,-14.77664795,-12.59389954,-5.602754211,-1.332252693
"Z LM78 L Major palatine foramen, anterior",-9.935749054,-11.2966568,-20.54158325,-23.72736206,-10.9592308,-20.32392883,-18.3612854,-23.96287231,1.201061249,-0.292892027,-18.69105988,-25.41855011
"X LM79 R Incisive foramen, posterior",5.102092743,-10.88803329,-5.163214493,4.443870544,-13.30896454,14.94066772,14.42302551,5.886134338,-11.70455399,-3.136383629,16.47223206,4.053862762
"Y LM79 R Incisive foramen, posterior",-5.024758148,-9.839815521,-3.789399338,-0.774359751,-6.491701508,-3.158013916,-4.394190216,-1.582387066,-16.50572205,-14.17256165,-4.423774719,-0.805773354
"Z LM79 R Incisive foramen, posterior",-11.32046738,-11.61931,-20.56291046,-25.69288025,-9.171624756,-21.84344482,-19.96749878,-24.65989838,3.640820313,1.799108315,-20.48665314,-26.20563965
"X LM80 L Incisive foramen, posterior",5.033798981,-10.63808746,-3.896986008,6.354109192,-13.29078827,15.58925934,14.58412018,8.054509735,-12.74962692,-4.720624161,16.47205963,6.44454422
"Y LM80 L Incisive foramen, posterior",-5.671305084,-11.47338333,-3.247501755,-0.646650839,-5.919929123,-4.177600479,-5.355023575,-1.453416729,-16.57317505,-14.02848206,-5.170724869,-0.837249374
"Z LM80 L Incisive foramen, posterior",-10.08359756,-11.16886597,-21.46734009,-25.84584351,-10.16469116,-20.19844513,-18.58124237,-24.93574066,3.739168549,1.633481979,-19.3688446,-26.22220764
"X LM81 R Incisive foramen, anterior",7.455176544,-14.33250122,-7.513113403,4.563889694,-16.22458801,18.64008789,18.89579773,6.420812225,-11.92646866,-3.94673996,19.56160278,4.126321411
"Y LM81 R Incisive foramen, anterior",-4.454588318,-9.856686401,-1.818191528,1.534721756,-5.74032402,-2.263275719,-3.517564774,1.537780094,-17.63995819,-15.63639984,-4.295856476,2.459205627
"Z LM81 R Incisive foramen, anterior",-10.67298431,-11.82660522,-22.34731903,-27.74831848,-8.990416718,-21.94554749,-19.73327179,-28.18273926,5.891275406,4.590825272,-20.1344162,-29.78327637
"X LM82 L Incisive foramen, anterior",7.545947266,-14.53643646,-7.003572845,5.479483414,-16.2485199,19.06512299,19.12306366,7.354994965,-12.81243439,-4.85882225,19.44152069,4.961528397
"Y LM82 L Incisive foramen, anterior",-4.713220215,-11.02392883,-1.421480656,1.725551605,-5.311535645,-2.809369278,-4.042605209,1.572689247,-17.68290863,-15.45561981,-4.631906128,2.419586563
"Z LM82 L Incisive foramen, anterior",-9.920444489,-11.48765793,-22.83838654,-27.92629395,-9.69909668,-20.87732697,-18.85484314,-28.20821533,5.915994263,4.57187767,-19.2952179,-29.88231812
