template,JM213,M10967,M29961,MRG4
8.209,5.319416046,-12.24468918,-3.868084335,16.38704224
-14.9461,-1.057983494,-16.60884399,-14.30050354,-4.875290298
-24.8067,-26.20050964,3.574074173,1.628930473,-20.01741486
-1.0684,4.961528397,-12.81243439,-4.85882225,19.44152069
-9.7427,2.419586563,-17.68290863,-15.45561981,-4.631906128
-26.2568,-29.88231812,5.915994263,4.57187767,-19.2952179
0.4908,4.126321411,-11.92646866,-3.94673996,19.56160278
-10.5986,2.459205627,-17.63995819,-15.63639984,-4.295856476
-25.876,-29.78327637,5.891275406,4.590825272,-20.1344162
2.3231,6.44454422,-12.74962692,-4.720624161,16.47205963
-11.8021,-0.837249374,-16.57317505,-14.02848206,-5.170724869
-25.5192,-26.22220764,3.739168549,1.633481979,-19.3688446
3.5825,6.75394516,-11.05374374,-2.277638626,6.055951691
-12.1607,-4.987356567,-9.557382202,-7.207822418,-4.008246613
-25.0892,-17.9544693,-3.070344925,-5.854824829,-18.89640808
4.7209,4.053862762,-11.70455399,-3.136383629,16.47223206
-12.7776,-0.805773354,-16.50572205,-14.17256165,-4.423774719
-24.8419,-26.20563965,3.640820313,1.799108315,-20.48665314
6.0615,6.924407196,-12.7240654,-4.837750244,13.75591278
-13.2596,-1.332252693,-14.77664795,-12.59389954,-5.602754211
-24.772,-25.41855011,1.201061249,-0.292892027,-18.69105988
-1.5702,4.095668411,-11.22240295,-2.245111656,13.41666718
-13.4445,-1.519555473,-14.89017792,-12.91994019,-4.161989975
-29.0468,-25.14098511,1.42794981,-0.101420915,-20.8319458
-0.476,8.342834473,-12.32148743,-4.159028244,7.390329742
-14.1085,-4.668805695,-10.96597443,-8.797952271,-5.347975922
-28.4419,-19.61733856,-2.396380043,-4.8947258,-18.09325562
0.6306,4.938253403,-10.23989258,-1.13937397,7.209313965
-14.7562,-5.001155853,-11.08210678,-9.116890717,-3.658257675
-27.7108,-19.19149475,-2.27435379,-4.67274971,-20.50541382
1.9878,9.340274811,-12.88961792,-4.333205414,6.065036774
-14.9901,-4.720528793,-8.890397644,-6.351199341,-5.00308075
-27.0273,-17.64768066,-3.303645706,-6.334820175,-16.84726257
3.2833,4.437985611,-8.950176239,0.01506637,5.925812912
-15.0807,-5.105460358,-9.279522705,-6.945145416,-2.621817398
-26.534,-16.95358582,-3.022442627,-5.81585083,-20.59644165
-0.554,10.2759613,-12.52095413,-3.348985672,0.875262356
-12.5141,-8.127990723,-6.114278412,-3.535668182,-5.494000244
-28.9223,-12.82596741,-6.320796204,-10.3586647,-16.44974365
0.4846,5.196489334,-8.266980743,1.165348434,0.578310537
-13.3816,-8.371898651,-6.515326691,-3.830314255,-2.642931557
-28.1545,-12.17902451,-6.173838425,-9.96404953,-20.73439178
1.6357,9.465202332,-11.82852097,-2.769240189,1.079059696
-13.6365,-8.316917419,-6.186282349,-3.733942795,-4.849356079
-27.4855,-12.51834488,-6.315690613,-10.33581619,-17.6401123
7.3853,8.660520172,-9.903708649,-0.342453027,-5.224662781
-13.8113,-11.02199783,-2.733055496,0.04100557,-4.164413834
-24.5405,-7.234495544,-9.97076416,-14.31810913,-18.34677429
2.9509,6.232975006,-8.848736572,0.322563195,1.034010887
-13.904,-8.649223328,-6.385161972,-4.013215637,-3.184172058
-26.7681,-11.82702866,-6.171742249,-10.05922241,-19.90823975
4.8356,9.680994415,-11.79808044,-2.795308495,0.088914096
-15.2014,-8.609455872,-5.648928833,-3.147871208,-4.787501144
-25.9357,-11.87825089,-6.831194305,-10.90270233,-17.51442719
6.5222,6.320798111,-8.931229401,0.46491189,-0.02606042
-15.1914,-8.904888153,-5.81380043,-3.415695953,-3.136956596
-25.4489,-11.37703552,-6.78457489,-10.53594131,-20.01001129
0.2586,9.342282104,-10.9921524,-1.792542076,-2.429106903
-12.0227,-9.478499603,-4.319145584,-1.633930016,-4.560238266
-28.0769,-9.770675659,-7.966559601,-12.15929337,-17.37119293
1.3173,7.123562622,-9.097817993,0.158703697,-2.637314987
-12.4047,-9.561004639,-4.549312592,-1.915542412,-3.435743332
-27.3892,-9.524103546,-7.929026794,-12.0245575,-19.2509613
2.4155,11.20648041,-12.01064148,-2.763655663,-4.822382355
-12.6411,-10.56333771,-2.786664772,0.171249282,-5.421812439
-26.6196,-7.951480103,-9.757968903,-14.35540924,-16.18466492
3.4704,6.075022125,-7.68700943,1.849409103,-4.832447433
-13.1,-10.81999741,-3.220571136,-0.408160639,-2.820186234
-26.1481,-7.272044373,-9.485871887,-13.76099701,-20.08997498
4.7224,10.73315125,-11.75095444,-2.373403358,-5.300817108
-14.1311,-11.23306427,-2.671886444,0.432980776,-5.433184052
-25.8852,-7.325179291,-10.15910645,-14.93921051,-16.62451477
6.6037,6.621810913,-7.910079956,1.846500969,-5.353652573
-14.3651,-11.52204285,-3.061551666,-0.21123457,-3.387047577
-25.2668,-6.781324768,-10.01903152,-14.54194183,-19.88313904
0.0214,12.94803009,-13.00799255,-4.17061615,-6.025654221
-10.9897,-11.13197403,-1.854859161,1.042738628,-5.947481918
-27.1619,-6.70619278,-10.71533051,-15.74085846,-14.85410156
8.9646,8.749732971,-9.845780945,-0.281340408,-5.777732086
-14.2339,-11.11121063,-2.357540894,0.356508851,-4.118371964
-23.9614,-6.746164703,-10.28541031,-14.63856659,-18.30100555
-2.1607,4.941233826,-6.431141663,3.777772141,-6.35745163
-15.2501,-11.72582397,-2.48795681,-0.000348829,-1.782566261
-28.6166,-5.409100723,-10.44099274,-14.87710724,-21.10059662
-18.2248,12.36120682,-12.79802551,-3.390412521,-7.28227005
-14.2583,-14.07611237,-2.548796463,-0.401136923,-8.01827774
-29.9514,-6.789274597,-13.10853577,-18.08275146,-16.58016205
-16.411,5.990499878,-6.654489899,2.778547478,-7.66443634
-14.9813,-14.73455963,-2.933186722,-1.280954266,-4.550960541
-29.9504,-5.890639877,-12.77297363,-17.54923248,-22.05563812
-14.1013,12.08808899,-12.50658493,-2.843784714,-7.733631134
-15.6268,-14.06333008,-2.232154083,0.158419526,-7.462507629
-29.9535,-6.38718605,-13.19364929,-18.20424347,-16.61023102
-11.369,6.293454742,-6.945767212,2.507188797,-7.911087799
-16.1145,-14.58203583,-2.643743896,-0.758704472,-4.646483994
-29.6524,-5.594246674,-12.81066895,-17.64594421,-21.53254089
-9.4588,13.17992249,-13.85837097,-4.434590912,-6.869207764
-16.2847,-14.84221344,-4.090391159,-1.554619312,-9.75616684
-29.3966,-8.205308533,-13.67674408,-18.23587799,-16.94186249
-7.6198,4.215990067,-5.61297226,3.851448822,-6.882879639
-16.4567,-15.18981171,-4.927103424,-2.487579155,-5.292549515
-29.0217,-7.139203644,-12.99061279,-17.30818634,-23.91241913
-16.6518,15.02600403,-15.82210083,-6.523899841,-4.14460144
-10.7873,-11.21085892,-3.273877335,-0.510454321,-8.057202148
-30.3347,-9.130636597,-10.38795624,-15.04002533,-13.61661987
-14.8234,2.257007408,-4.197869873,5.309787369,-4.66740303
-10.9913,-11.96436462,-4.410791397,-1.89828949,-1.646183586
-30.8884,-7.038845062,-9.785735321,-13.82927399,-23.9437973
-13.0051,14.44186096,-15.33967743,-6.05326004,-4.535680389
-11.5036,-12.00728836,-3.823551178,-1.385289955,-8.937772369
-31.1667,-9.613321686,-11.30449066,-15.6714035,-14.39719086
-17.9914,9.317481995,-9.725161743,-0.090392786,-8.146907806
-12.1329,-16.35594025,-4.069722748,-1.955492973,-7.549427032
-30.2575,-6.29332695,-14.85061035,-19.29171753,-20.29696808
-5.3348,14.47485046,-15.91981201,-6.673562622,-3.057768631
-16.5194,-11.1366806,-4.445996094,-1.775925064,-8.556334686
-28.4488,-10.77915497,-9.991786957,-14.4853775,-14.13317261
-15.3014,2.710540962,-4.682072449,4.820153427,-4.910171509
-12.5868,-12.84315491,-5.183610153,-2.846855545,-2.733516312
-31.097,-8.040713501,-10.69644928,-14.5365921,-24.11780701
-13.6881,1.988458061,-4.852766037,5.082593536,-3.863954163
-13.3164,-11.75794678,-5.364296341,-3.151992989,-2.04509182
-31.189,-9.019557953,-9.505664063,-13.26800842,-23.7983078
-11.8286,14.87524567,-16.30707855,-7.243185425,-0.981334686
-13.0977,-9.150048065,-4.63514328,-1.770482635,-7.818651581
-31.0678,-11.61751328,-8.236785889,-12.12795715,-13.19942169
-16.8001,1.188773918,-4.14251442,5.387406921,-1.767863274
-13.2847,-9.776393127,-5.987360382,-3.249568939,-0.867639446
-30.5489,-9.661431122,-7.478459167,-11.21055984,-23.84835358
-14.8907,13.90207672,-15.7104248,-6.897871399,0.734512758
-14.4017,-9.318091583,-6.140342712,-3.528416061,-8.148194885
-30.7273,-13.35443573,-7.538897705,-11.65467224,-14.53621063
-12.4036,2.014698219,-5.095074081,4.292616653,-0.00287835
-14.7682,-10.04655991,-7.335125732,-4.963306046,-1.889892578
-30.4959,-11.76647034,-6.862966919,-10.44853592,-23.89443817
-10.5317,12.08792953,-16.39873352,-8.233760834,8.740677643
-14.6447,-2.793465233,-9.867897034,-7.91284256,-6.880052948
-30.4534,-20.06689606,-1.453482342,-4.427986908,-14.0573822
-8.3236,0.714852047,-6.209915543,2.872447968,8.244586182
-14.8629,-3.802319717,-10.94276886,-9.224505615,-0.681122065
-30.1357,-18.55915833,-0.816466522,-3.150873756,-23.5475647
-6.2842,11.58140564,-15.86363678,-7.424043274,8.015860748
-15.217,-4.098965836,-9.772554779,-7.736074829,-6.525196838
-29.6765,-19.61202698,-2.066773796,-5.511355209,-14.91319122
-4.169,8.61971283,-9.92818222,-0.461809683,-6.093117905
-15.2471,-17.77410583,-6.773963928,-5.138658142,-10.36264954
-29.1922,-9.914754486,-14.96941833,-19.08923035,-22.04352875
-3.3165,1.671741867,-6.392763519,2.679836273,7.510074615
-16.4611,-4.775816727,-10.74383163,-8.727451324,-1.377824306
-27.7621,-18.25517883,-1.493494129,-4.344539642,-22.82029877
-16.7211,10.68578873,-14.65393829,-6.211083984,7.716033936
-7.679,-3.740368652,-9.279698944,-6.960713959,-5.530748749
-27.2575,-18.75395508,-2.228981972,-5.173743057,-15.53280182
-19.9313,2.581785583,-7.570417786,1.471684742,7.364718628
-12.804,-4.316179276,-10.03769989,-7.955431366,-1.499887371
-27.8974,-17.64599609,-1.730721283,-4.318470764,-21.5043869
-20.0716,11.61971893,-16.02642822,-7.98168335,9.647053528
-14.0842,-5.328892517,-13.11764984,-10.62542801,-9.106504059
-26.786,-22.49840698,-2.189414215,-5.289403152,-16.1841095
-18.7425,11.48562622,-16.09231567,-8.037126923,10.5850502
-14.2973,-4.640219498,-13.6475235,-11.0593277,-9.037802887
-21.3552,-23.3264267,-1.468671513,-4.503662109,-16.18908386
-15.9071,0.837878323,-6.972436523,2.142596626,9.276945496
-7.4242,-6.02862854,-14.08722534,-11.94441986,-3.431801224
-28.6262,-21.03401184,-1.534417057,-4.176822281,-24.62783813
-17.726,0.723671532,-7.156808472,2.074701691,10.23414078
-8.8585,-5.341598511,-14.46164398,-12.27079391,-3.319536209
-28.6035,-21.8799408,-0.819886494,-3.475906754,-24.61470337
-18.9538,10.57703781,-15.58227997,-7.453496552,11.83094025
-11.1751,-3.176267815,-13.7020462,-11.61254196,-7.896214294
-28.6326,-23.69639435,-0.369807076,-2.962338066,-16.49245911
-19.2347,9.589469147,-15.29746552,-7.059583282,13.0499588
-12.642,-1.882396317,-13.36501465,-10.91201248,-6.291001892
-29.2535,-23.76860352,0.915611267,-1.477085876,-16.36443787
-19.7185,1.264858723,-7.845922089,0.922443199,11.45081863
-14.2431,-3.9852211,-14.59939728,-12.70772476,-3.204848862
-28.3813,-22.45910797,0.163139558,-2.04850235,-23.56226501
-19.7035,7.657598877,-10.47216568,-1.386663151,1.155952835
-15.5183,-14.87264099,-10.87742538,-9.528713989,-10.4439827
-26.2011,-16.37066956,-11.25126648,-14.4372345,-22.82207184
-19.7157,1.869457436,-8.268518066,0.387198734,12.53513184
-14.7248,-2.450227165,-14.14516449,-11.87026443,-2.408347511
-24.5016,-22.67694092,1.600341034,-0.675089216,-22.28322601
-19.1727,8.867706299,-14.97579956,-6.761677551,13.89054413
-15.2706,-0.574334717,-13.94765472,-11.29502487,-5.462639236
-22.6215,-24.62389526,2.017317009,-0.382978916,-16.45233765
-17.9942,2.070791054,-8.741719055,-0.133531666,13.60775604
-15.5622,-1.345937634,-14.42431488,-11.98768311,-2.080571556
-21.0614,-23.51790619,2.445778275,0.373121333,-21.58667908
-1.1346,7.679484558,-14.46663513,-6.394069672,17.05388031
-16.5347,0.584474325,-16.20761719,-13.70458221,-5.387216187
-26.9915,-27.57320862,3.820474243,1.91703701,-17.65576324
-0.2068,2.578795815,-10.13615723,-1.532915401,16.53745422
-15.8496,0.123765743,-16.643367,-14.14746399,-3.122249794
-27.4469,-26.68276062,4.289094162,2.304404449,-21.5345047
0.4776,10.34683914,-14.57259216,-6.475942993,8.088881683
-16.2987,-8.66332016,-13.96847382,-12.03641739,-10.41640167
-26.8453,-22.35172882,-4.839060974,-7.882352448,-18.47636261
1.4964,2.478229332,-8.177288055,1.09044323,7.48494873
-16.3861,-9.155118561,-14.50324402,-12.80256958,-6.097323227
-26.5105,-21.30190887,-4.332830048,-6.927910614,-24.87349854
2.5448,10.24111938,-14.64925385,-6.36993103,9.009925079
-16.4176,-7.707104492,-14.72958679,-12.7945961,-10.31053848
-26.1952,-23.37169495,-3.867576599,-6.570522308,-18.6360672
3.629,2.282648659,-8.266454315,0.371460581,8.361708832
-16.4186,-8.318063354,-15.28565216,-13.61921539,-6.43055954
-25.8436,-22.23217468,-3.407215118,-5.704901886,-24.72317657
4.8716,8.210404205,-13.50536957,-5.668982315,9.693384552
-16.4002,-7.002655029,-15.45743256,-13.63140106,-10.04723816
-25.4581,-24.66398926,-3.255812454,-5.459976959,-19.2729248
6.1528,6.087482834,-10.9358551,-2.960528755,7.746051025
-16.3785,-7.96656189,-14.91969452,-13.31572571,-8.905425262
-25.0135,-23.77682343,-4.559139252,-7.007624817,-22.24689178
7.4037,4.038441467,-9.319110107,-1.113498116,9.315094757
-16.3038,-7.160030365,-15.80424347,-14.39064789,-6.707298279
-24.5941,-24.260495,-2.89885006,-4.746757126,-24.30650635
-1.4891,6.822550964,-12.80627441,-5.194293594,14.64185486
-17.3302,-4.346273804,-17.1477356,-15.27312317,-8.308480072
-26.2306,-27.19055481,-0.319223905,-2.451412773,-20.06490631
-0.9133,4.322016144,-10.3698204,-2.245705986,14.07163696
-18.1731,-4.376373672,-17.17673798,-15.67630463,-6.646022034
-25.2456,-27.06782227,-0.025647956,-2.069985199,-22.8182663
0.1643,6.887926483,-14.20046997,-6.304967499,19.05471344
-17.6138,1.489621735,-17.39417725,-15.21509399,-5.65675354
-25.5664,-29.36346436,5.144023895,3.563049316,-18.17596741
1.2384,2.641280174,-10.59314346,-2.285141182,18.50351105
-17.4686,1.141023254,-17.54370117,-15.51406555,-3.696097565
-25.4549,-28.64847107,5.129373932,3.771026993,-21.54909363
2.3459,5.903705215,-13.78693848,-5.80557785,20.70123138
-17.3703,2.342407608,-18.73583679,-16.5093689,-5.361282349
-25.2741,-30.88251038,6.468139648,5.055814362,-19.04945679
3.4027,3.08615036,-11.54737625,-3.62355423,20.53882904
-17.312,1.943372917,-18.89056396,-16.8165802,-4.199706268
-25.0178,-30.56052551,6.663332367,5.34135704,-21.07872772
4.5459,5.925657654,-13.6486969,-5.678601074,20.15857239
-17.2324,0.166794419,-19.57558899,-17.48007202,-6.75789566
-24.7549,-31.21195679,4.919421005,3.085901642,-20.10292206
5.8276,3.605796814,-11.59523087,-3.481206131,19.87767181
-17.1903,-0.196843839,-19.76261902,-17.79806519,-5.859281921
-24.2821,-30.92684021,5.194627762,3.195010948,-21.7760498
7.137,4.421133041,-12.68228912,-4.755348587,21.19872131
-17.0789,2.95308342,-18.61236877,-16.45679779,-4.418008423
-23.8979,-30.95915527,7.174706268,6.124624634,-19.72281494
7.7267,4.690323639,-12.54141159,-4.47564621,19.33510132
-17.4213,-0.53456912,-19.39954681,-17.49533844,-6.616347504
-22.3893,-30.57550049,4.20309639,2.550330734,-21.11516113
-2.4725,,,,
-16.7398,,,,
-19.8278,,,,
-1.1477,,,,
-16.6574,,,,
-20.0515,,,,
1.4079,,,,
-16.6725,,,,
-20.6829,,,,
2.7502,,,,
-16.6647,,,,
-20.8843,,,,
4.0375,,,,
-16.8271,,,,
-21.3105,,,,
5.4191,,,,
-17.0803,,,,
-21.4911,,,,
-3.1876,,,,
-19.2969,,,,
-23.6262,,,,
-1.8548,,,,
-19.0142,,,,
-23.696,,,,
-0.5704,,,,
-18.5823,,,,
-24.0865,,,,
0.8793,,,,
-18.2301,,,,
-24.0335,,,,
2.6432,,,,
-17.9112,,,,
-23.9332,,,,
-2.2239,,,,
-19.3941,,,,
-22.5097,,,,
-0.8171,,,,
-18.941,,,,
-22.8528,,,,
0.9315,,,,
-18.3621,,,,
-22.8155,,,,
6.8976,,,,
-16.9496,,,,
-21.512,,,,
2.1887,,,,
-18.0203,,,,
-22.7214,,,,
3.9578,,,,
-17.8099,,,,
-23.6843,,,,
5.2845,,,,
-17.7308,,,,
-23.3362,,,,
-1.2764,,,,
-18.6839,,,,
-21.6546,,,,
0.0386,,,,
-18.3487,,,,
-21.8878,,,,
1.2886,,,,
-17.7897,,,,
-21.6258,,,,
3.1269,,,,
-17.4676,,,,
-21.8211,,,,
4.3428,,,,
-17.5987,,,,
-22.3081,,,,
6.2663,,,,
-17.5663,,,,
-22.4682,,,,
-1.5736,,,,
-17.7966,,,,
-20.7126,,,,
8.4419,,,,
-16.7146,,,,
-21.4605,,,,
-17.6848,,,,
-11.3737,,,,
-22.4354,,,,
-18.9132,,,,
-12.401,,,,
-21.8629,,,,
-19.9135,,,,
-13.3068,,,,
-22.4032,,,,
-17.1391,,,,
-9.0256,,,,
-24.6849,,,,
-17.9277,,,,
-8.2523,,,,
-25.8361,,,,
-18.7143,,,,
-8.4669,,,,
-27.1068,,,,
-3.433,,,,
-18.935,,,,
-25.1232,,,,
-18.3481,,,,
-16.0516,,,,
-28.4136,,,,
-16.3858,,,,
-16.5774,,,,
-28.5753,,,,
-14.6425,,,,
-16.9746,,,,
-28.627,,,,
-11.965,,,,
-17.532,,,,
-28.2809,,,,
-9.9591,,,,
-17.6137,,,,
-28.2094,,,,
-7.9575,,,,
-17.7263,,,,
-27.8788,,,,
-17.8137,,,,
-17.1218,,,,
-24.3214,,,,
-15.8533,,,,
-18.2321,,,,
-24.0419,,,,
-13.8596,,,,
-18.8176,,,,
-24.1126,,,,
-18.8367,,,,
-16.6381,,,,
-25.8644,,,,
-5.758,,,,
-17.8676,,,,
-27.2272,,,,
-16.7145,,,,
-17.9194,,,,
-25.7041,,,,
-14.9209,,,,
-18.6585,,,,
-25.768,,,,
-12.9329,,,,
-18.8625,,,,
-25.7963,,,,
-17.391,,,,
-17.1031,,,,
-27.1571,,,,
-15.6712,,,,
-17.8403,,,,
-27.344,,,,
-13.6956,,,,
-18.1647,,,,
-27.2618,,,,
-11.2038,,,,
-18.5422,,,,
-26.8906,,,,
-9.182,,,,
-18.7456,,,,
-26.6068,,,,
-7.094,,,,
-18.8157,,,,
-26.2849,,,,
-5.2285,,,,
-18.8838,,,,
-25.7421,,,,
-3.4216,,,,
-17.7216,,,,
-26.5723,,,,
-14.53,,,,
-11.724,,,,
-23.3111,,,,
-14.3429,,,,
-10.7914,,,,
-24.3004,,,,
-15.3346,,,,
-11.8752,,,,
-23.045,,,,
-15.0434,,,,
-11.102,,,,
-23.819,,,,
-15.104,,,,
-10.1227,,,,
-24.649,,,,
-16.2611,,,,
-11.8154,,,,
-22.8131,,,,
-15.8458,,,,
-10.6237,,,,
-23.6796,,,,
-15.832,,,,
-9.7007,,,,
-24.8304,,,,
4.2887,,,,
-14.8079,,,,
-23.1437,,,,
8.6367,,,,
-15.0392,,,,
-21.832,,,,
8.7084,,,,
-14.5593,,,,
-22.3135,,,,
4.0923,,,,
-15.4666,,,,
-22.3648,,,,
-5.2443,,,,
-12.7293,,,,
-23.232,,,,
4.4409,,,,
-13.8368,,,,
-23.742,,,,
2.9677,,,,
-15.3754,,,,
-22.3021,,,,
3.2496,,,,
-13.7533,,,,
-23.7889,,,,
-3.9456,,,,
-14.1903,,,,
-22.8363,,,,
-3.5723,,,,
-12.6602,,,,
-24.451,,,,
-5.9089,,,,
-14.0357,,,,
-21.5464,,,,
-5.1907,,,,
-10.7443,,,,
-24.4917,,,,
-11.2805,,,,
-13.6836,,,,
-21.8933,,,,
-10.2899,,,,
-10.0623,,,,
-25.3962,,,,
-11.3147,,,,
-12.8799,,,,
-22.6597,,,,
-16.4392,,,,
-10.5117,,,,
-23.6605,,,,
-10.9165,,,,
-10.5708,,,,
-24.7716,,,,
-12.0726,,,,
-12.7937,,,,
-22.5557,,,,
-11.5742,,,,
-10.4069,,,,
-24.8281,,,,
-13.864,,,,
-11.6861,,,,
-22.7466,,,,
-13.5466,,,,
-10.2087,,,,
-24.2,,,,
-16.4151,,,,
-12.2729,,,,
-22.0831,,,,
-15.8003,,,,
-8.9025,,,,
-25.3432,,,,
-17.1403,,,,
-12.081,,,,
-22.563,,,,
-16.3724,,,,
-9.3662,,,,
-25.0804,,,,
-18.2144,,,,
-13.0411,,,,
-21.1104,,,,
-16.8754,,,,
-10.3601,,,,
-23.5969,,,,
-16.7038,,,,
-7.4993,,,,
-26.1316,,,,
-19.6909,,,,
-13.9962,,,,
-23.3897,,,,
-18.5293,,,,
-9.4068,,,,
-27.8833,,,,
-19.9272,,,,
-13.4819,,,,
-23.5674,,,,
-18.9103,,,,
-9.5633,,,,
-27.3479,,,,
-19.439,,,,
-15.7515,,,,
-23.8627,,,,
-18.0683,,,,
-10.2014,,,,
-29.5125,,,,
-16.9396,,,,
-15.9482,,,,
-20.1922,,,,
-14.7777,,,,
-7.018,,,,
-28.8317,,,,
-16.8527,,,,
-16.2214,,,,
-21.4332,,,,
-20.0131,,,,
-12.6525,,,,
-26.8917,,,,
-15.7956,,,,
-16.4792,,,,
-20.829,,,,
-15.186,,,,
-8.012,,,,
-29.0766,,,,
-14.0116,,,,
-8.0628,,,,
-29.1472,,,,
-14.0718,,,,
-16.4501,,,,
-19.4919,,,,
-11.8627,,,,
-7.1339,,,,
-28.4183,,,,
-12.4305,,,,
-16.5108,,,,
-20.7161,,,,
-10.4501,,,,
-8.6218,,,,
-28.3731,,,,
-3.9855,,,,
-16.8231,,,,
-19.0538,,,,
-1.9575,,,,
-9.0437,,,,
-26.5955,,,,
-4.5589,,,,
-16.4199,,,,
-19.6141,,,,
-18.7989,,,,
-14.9793,,,,
-29.0274,,,,
-2.9351,,,,
-9.1832,,,,
-26.374,,,,
-4.7058,,,,
-15.2655,,,,
-19.9918,,,,
-3.503,,,,
-9.6527,,,,
-25.3376,,,,
-3.1635,,,,
-18.702,,,,
-21.3848,,,,
-2.2404,,,,
-18.7184,,,,
-21.2896,,,,
-1.5671,,,,
-11.4601,,,,
-28.4564,,,,
-0.442,,,,
-11.4913,,,,
-28.2542,,,,
-0.496,,,,
-17.8619,,,,
-21.2069,,,,
0.6309,,,,
-16.5695,,,,
-20.4875,,,,
0.815,,,,
-11.5706,,,,
-26.9484,,,,
-11.3535,,,,
-16.8273,,,,
-29.0017,,,,
1.7389,,,,
-11.3942,,,,
-25.4674,,,,
1.712,,,,
-16.1663,,,,
-20.1844,,,,
2.8688,,,,
-11.3903,,,,
-24.7252,,,,
5.3387,,,,
-16.553,,,,
-21.0518,,,,
6.1064,,,,
-12.9132,,,,
-24.2399,,,,
-4.7891,,,,
-19.1566,,,,
-24.1493,,,,
-3.1798,,,,
-13.7059,,,,
-29.3758,,,,
-2.7916,,,,
-19.0989,,,,
-24.2929,,,,
-1.5246,,,,
-14.4085,,,,
-28.781,,,,
-1.1438,,,,
-18.5095,,,,
-24.7271,,,,
-2.0403,,,,
-16.9381,,,,
-26.7717,,,,
-0.3393,,,,
-15.3712,,,,
-27.8295,,,,
3.1422,,,,
-17.6396,,,,
-24.4742,,,,
3.5255,,,,
-15.8896,,,,
-26.1679,,,,
7.3883,,,,
-16.4024,,,,
-21.0601,,,,
8.0843,,,,
-13.5702,,,,
-23.8616,,,,
9.4029,,,,
-15.9967,,,,
-21.5235,,,,
9.6778,,,,
-14.394,,,,
-23.2077,,,,
8.9175,,,,
-17.2535,,,,
-22.5473,,,,
9.2499,,,,
-15.5722,,,,
-24.3095,,,,
9.8739,,,,
-15.0597,,,,
-21.9679,,,,
7.8985,,,,
-16.5888,,,,
-24.0069,,,,
3.1675,,,,
-14.7143,,,,
-23.2439,,,,
2.0893,,,,
-14.7359,,,,
-23.5373,,,,
0.9989,,,,
-14.5854,,,,
-23.6773,,,,
-0.0908,,,,
-14.4377,,,,
-23.7468,,,,
-1.1776,,,,
-14.2542,,,,
-23.8544,,,,
-2.2444,,,,
-13.97,,,,
-23.8083,,,,
-3.2773,,,,
-13.6528,,,,
-23.7154,,,,
-4.3034,,,,
-13.2634,,,,
-23.5516,,,,
-13.768,,,,
-11.5699,,,,
-23.2847,,,,
-13.7038,,,,
-11.2063,,,,
-23.6743,,,,
-13.6329,,,,
-10.7601,,,,
-24.0497,,,,
-14.4916,,,,
-11.9191,,,,
-22.5732,,,,
-15.1276,,,,
-12.0396,,,,
-22.408,,,,
-15.785,,,,
-12.1386,,,,
-22.2204,,,,
-14.082,,,,
-9.8593,,,,
-24.5689,,,,
-14.6515,,,,
-9.4958,,,,
-24.8085,,,,
-15.2703,,,,
-9.1648,,,,
-25.0197,,,,
-16.7111,,,,
-12.301,,,,
-22.3171,,,,
-16.9412,,,,
-12.2724,,,,
-22.4812,,,,
-15.9989,,,,
-9.1555,,,,
-25.3106,,,,
-16.2072,,,,
-9.279,,,,
-25.2555,,,,
-16.9356,,,,
-11.2279,,,,
-22.9727,,,,
-17.474,,,,
-11.9967,,,,
-22.4661,,,,
-18.1302,,,,
-12.6617,,,,
-21.9944,,,,
-18.984,,,,
-13.2539,,,,
-21.8278,,,,
-19.5507,,,,
-13.8435,,,,
-22.4218,,,,
-16.4304,,,,
-9.7671,,,,
-24.4455,,,,
-16.6316,,,,
-9.1475,,,,
-25.2714,,,,
-17.069,,,,
-8.6121,,,,
-26.0355,,,,
-17.6239,,,,
-8.1798,,,,
-26.8162,,,,
-18.2144,,,,
-8.482,,,,
-27.6134,,,,
-17.5382,,,,
-10.6319,,,,
-22.931,,,,
-18.1481,,,,
-11.1996,,,,
-22.3554,,,,
-18.8975,,,,
-11.7272,,,,
-22.0934,,,,
-19.7709,,,,
-12.2274,,,,
-22.235,,,,
-20.1511,,,,
-12.9931,,,,
-22.7641,,,,
-19.7915,,,,
-13.7355,,,,
-23.528,,,,
-17.3259,,,,
-9.5779,,,,
-23.9987,,,,
-17.7466,,,,
-8.8616,,,,
-24.5174,,,,
-18.2446,,,,
-8.4988,,,,
-25.2314,,,,
-18.9148,,,,
-8.4357,,,,
-25.9043,,,,
-19.1447,,,,
-8.8,,,,
-26.735,,,,
-18.7869,,,,
-9.5208,,,,
-27.6402,,,,
-17.4131,,,,
-16.1244,,,,
-20.9273,,,,
-17.8617,,,,
-16.207,,,,
-21.7154,,,,
-18.4747,,,,
-16.2316,,,,
-22.3746,,,,
-19.0479,,,,
-16.0593,,,,
-23.085,,,,
-15.4869,,,,
-7.5409,,,,
-29.1478,,,,
-16.1741,,,,
-8.172,,,,
-29.3107,,,,
-16.8777,,,,
-8.7759,,,,
-29.5046,,,,
-17.5524,,,,
-9.4257,,,,
-29.4773,,,,
-17.8022,,,,
-13.7821,,,,
-20.9726,,,,
-17.4552,,,,
-14.5015,,,,
-20.7562,,,,
-17.1193,,,,
-15.2153,,,,
-20.5472,,,,
-16.1701,,,,
-7.3695,,,,
-26.7363,,,,
-15.6533,,,,
-7.2721,,,,
-27.399,,,,
-15.1956,,,,
-7.1525,,,,
-28.0889,,,,
-20.1225,,,,
-13.4492,,,,
-24.4636,,,,
-20.1419,,,,
-13.4614,,,,
-25.3662,,,,
-20.0835,,,,
-13.2889,,,,
-26.2603,,,,
-19.2225,,,,
-10.3883,,,,
-27.538,,,,
-19.6647,,,,
-11.171,,,,
-27.5461,,,,
-19.7684,,,,
-12.0273,,,,
-27.4114,,,,
-15.3825,,,,
-16.4844,,,,
-20.473,,,,
-14.8942,,,,
-16.5402,,,,
-20.2292,,,,
-14.4652,,,,
-16.5177,,,,
-19.8744,,,,
-13.5078,,,,
-7.6994,,,,
-28.9512,,,,
-12.8825,,,,
-7.622,,,,
-28.92,,,,
-12.3137,,,,
-7.3653,,,,
-28.8272,,,,
-4.5456,,,,
-16.4824,,,,
-19.2832,,,,
-4.3304,,,,
-16.6466,,,,
-19.0362,,,,
-2.6413,,,,
-9.0308,,,,
-26.3702,,,,
-2.2979,,,,
-8.9446,,,,
-26.4416,,,,
-19.5087,,,,
-16.1905,,,,
-24.9257,,,,
-19.5463,,,,
-16.3194,,,,
-26.0514,,,,
-19.5535,,,,
-16.1713,,,,
-27.211,,,,
-19.1308,,,,
-15.6823,,,,
-28.1658,,,,
-18.5114,,,,
-11.1035,,,,
-29.9028,,,,
-18.8116,,,,
-12.0898,,,,
-30.1286,,,,
-19.0565,,,,
-13.1202,,,,
-30.0478,,,,
-18.9295,,,,
-14.146,,,,
-29.6636,,,,
-4.6185,,,,
-16.0469,,,,
-19.8821,,,,
-4.7385,,,,
-15.6819,,,,
-19.9564,,,,
-3.1553,,,,
-9.3936,,,,
-26.0538,,,,
-3.3564,,,,
-9.536,,,,
-25.7224,,,,
-2.688,,,,
-19.1745,,,,
-21.6927,,,,
-2.7182,,,,
-18.5489,,,,
-21.0528,,,,
-0.8916,,,,
-11.764,,,,
-28.8092,,,,
-0.9749,,,,
-11.2204,,,,
-28.2001,,,,
0.3533,,,,
-17.2444,,,,
-21.1879,,,,
-0.2821,,,,
-17.0805,,,,
-20.5205,,,,
1.426,,,,
-11.9259,,,,
-26.0405,,,,
-17.592,,,,
-15.4662,,,,
-29.1617,,,,
-16.3623,,,,
-15.8802,,,,
-29.2363,,,,
-15.1251,,,,
-16.1896,,,,
-29.2883,,,,
-13.8484,,,,
-16.4456,,,,
-29.269,,,,
-12.577,,,,
-16.6515,,,,
-29.1225,,,,
1.0182,,,,
-10.9909,,,,
-26.0582,,,,
-3.7065,,,,
-15.789,,,,
-19.2346,,,,
-2.3156,,,,
-15.9386,,,,
-19.2718,,,,
-0.9401,,,,
-16.0512,,,,
-19.4784,,,,
0.445,,,,
-16.1508,,,,
-19.7389,,,,
-2.2774,,,,
-9.1346,,,,
-25.6605,,,,
-0.9844,,,,
-9.5273,,,,
-25.5309,,,,
0.3944,,,,
-10.0555,,,,
-25.2688,,,,
1.6644,,,,
-10.6162,,,,
-24.9797,,,,
2.8908,,,,
-16.1936,,,,
-20.636,,,,
4.0746,,,,
-16.3173,,,,
-20.962,,,,
3.9025,,,,
-12.0668,,,,
-24.4728,,,,
4.9461,,,,
-12.5931,,,,
-24.3017,,,,
-3.1513,,,,
-19.1296,,,,
-21.8615,,,,
-3.2586,,,,
-19.4433,,,,
-22.3549,,,,
-3.583,,,,
-19.3765,,,,
-22.8391,,,,
-4.0098,,,,
-19.3294,,,,
-23.257,,,,
-4.4394,,,,
-19.2252,,,,
-23.6552,,,,
-1.4005,,,,
-11.8193,,,,
-28.8972,,,,
-1.5815,,,,
-12.1962,,,,
-29.2352,,,,
-1.9372,,,,
-12.6217,,,,
-29.2618,,,,
-2.3202,,,,
-12.9856,,,,
-29.3403,,,,
-2.7411,,,,
-13.3357,,,,
-29.3812,,,,
-4.2057,,,,
-19.2689,,,,
-24.3963,,,,
-3.4937,,,,
-19.2067,,,,
-24.4364,,,,
-2.6458,,,,
-14.0172,,,,
-29.2914,,,,
-2.0738,,,,
-14.2049,,,,
-29.0941,,,,
-2.3061,,,,
-18.8808,,,,
-24.6045,,,,
-1.7137,,,,
-18.6599,,,,
-24.7327,,,,
-2.2634,,,,
-17.5696,,,,
-26.305,,,,
-1.8897,,,,
-18.028,,,,
-25.8429,,,,
-1.4946,,,,
-18.3345,,,,
-25.3174,,,,
-8.9608,,,,
-17.11,,,,
-28.6534,,,,
-6.6346,,,,
-17.179,,,,
-28.1475,,,,
-4.3406,,,,
-17.0479,,,,
-27.4469,,,,
-1.2423,,,,
-14.8758,,,,
-28.4497,,,,
-0.8246,,,,
-15.1617,,,,
-28.1198,,,,
-2.0077,,,,
-16.5001,,,,
-27.268,,,,
-1.515,,,,
-16.2226,,,,
-27.5322,,,,
-0.8484,,,,
-15.8758,,,,
-27.6724,,,,
-0.0725,,,,
-18.2339,,,,
-24.7391,,,,
0.9927,,,,
-17.9293,,,,
-24.7742,,,,
2.0654,,,,
-17.7468,,,,
-24.6655,,,,
0.5977,,,,
-15.553,,,,
-27.3563,,,,
1.5596,,,,
-15.6999,,,,
-26.9242,,,,
2.562,,,,
-15.8086,,,,
-26.5136,,,,
5.8708,,,,
-16.5546,,,,
-21.0791,,,,
6.3851,,,,
-16.5341,,,,
-21.0744,,,,
6.9286,,,,
-16.5361,,,,
-21.0756,,,,
6.5844,,,,
-13.0778,,,,
-24.2707,,,,
7.0941,,,,
-13.2567,,,,
-24.1796,,,,
7.5844,,,,
-13.4208,,,,
-24.0331,,,,
9.2639,,,,
-17.0402,,,,
-22.2663,,,,
9.4014,,,,
-16.7398,,,,
-21.9875,,,,
9.4063,,,,
-16.4183,,,,
-21.7035,,,,
9.9632,,,,
-14.9405,,,,
-22.2731,,,,
9.9384,,,,
-14.7381,,,,
-22.5858,,,,
9.7576,,,,
-14.497,,,,
-22.835,,,,
4.3582,,,,
-17.5539,,,,
-24.2518,,,,
5.8508,,,,
-17.4747,,,,
-23.802,,,,
7.441,,,,
-17.4283,,,,
-23.2744,,,,
8.3898,,,,
-17.1002,,,,
-23.2641,,,,
4.9616,,,,
-15.8902,,,,
-25.7206,,,,
6.3899,,,,
-15.8911,,,,
-25.2571,,,,
7.8447,,,,
-15.8033,,,,
-24.8468,,,,
9.7972,,,,
-14.6784,,,,
-23.5228,,,,
9.714,,,,
-14.8739,,,,
-23.8449,,,,
9.5727,,,,
-15.1394,,,,
-24.129,,,,
8.0581,,,,
-16.2665,,,,
-20.9542,,,,
8.7247,,,,
-16.1437,,,,
-21.0334,,,,
9.3013,,,,
-15.8739,,,,
-21.164,,,,
9.7896,,,,
-15.505,,,,
-21.4757,,,,
8.641,,,,
-13.5682,,,,
-23.5058,,,,
9.189,,,,
-13.7882,,,,
-23.219,,,,
9.6941,,,,
-14.1496,,,,
-22.9209,,,,
9.9027,,,,
-14.587,,,,
-22.4481,,,,
9.6502,,,,
-15.7691,,,,
-21.5384,,,,
9.8031,,,,
-15.544,,,,
-21.6216,,,,
9.9396,,,,
-15.293,,,,
-21.7421,,,,
-0.8378,,,,
-16.9113,,,,
-26.4832,,,,
0.2717,,,,
-16.9297,,,,
-26.2506,,,,
1.3821,,,,
-16.9149,,,,
-25.9934,,,,
2.5047,,,,
-16.9009,,,,
-25.7005,,,,
3.5812,,,,
-16.8822,,,,
-25.4043,,,,
4.6786,,,,
-16.8146,,,,
-25.0864,,,,
5.7597,,,,
-16.7658,,,,
-24.716,,,,
6.8485,,,,
-16.698,,,,
-24.3575,,,,
8.4595,,,,
-15.9983,,,,
-24.3632,,,,
